time,P
20230101:0010,0.0
20230101:0110,0.0
20230101:0210,0.0
20230101:0310,0.0
20230101:0410,0.0
20230101:0510,0.0
20230101:0610,0.0
20230101:0710,0.0
20230101:0810,99.15
20230101:0910,183.7
20230101:1010,365.65
20230101:1110,475.6
20230101:1210,490.32
20230101:1310,372.69
20230101:1410,182.28
20230101:1510,88.11
20230101:1610,40.81
20230101:1710,0.0
20230101:1810,0.0
20230101:1910,0.0
20230101:2010,0.0
20230101:2110,0.0
20230101:2210,0.0
20230101:2310,0.0
20230102:0010,0.0
20230102:0110,0.0
20230102:0210,0.0
20230102:0310,0.0
20230102:0410,0.0
20230102:0510,0.0
20230102:0610,0.0
20230102:0710,0.0
20230102:0810,31.05
20230102:0910,129.66
20230102:1010,197.48
20230102:1110,286.11
20230102:1210,264.59
20230102:1310,282.65
20230102:1410,182.15
20230102:1510,87.05
20230102:1610,1.76
20230102:1710,0.0
20230102:1810,0.0
20230102:1910,0.0
20230102:2010,0.0
20230102:2110,0.0
20230102:2210,0.0
20230102:2310,0.0
20230103:0010,0.0
20230103:0110,0.0
20230103:0210,0.0
20230103:0310,0.0
20230103:0410,0.0
20230103:0510,0.0
20230103:0610,0.0
20230103:0710,0.0
20230103:0810,5.16
20230103:0910,277.94
20230103:1010,361.31
20230103:1110,410.13
20230103:1210,490.69
20230103:1310,475.16
20230103:1410,385.63
20230103:1510,242.6
20230103:1610,38.8
20230103:1710,0.0
20230103:1810,0.0
20230103:1910,0.0
20230103:2010,0.0
20230103:2110,0.0
20230103:2210,0.0
20230103:2310,0.0
20230104:0010,0.0
20230104:0110,0.0
20230104:0210,0.0
20230104:0310,0.0
20230104:0410,0.0
20230104:0510,0.0
20230104:0610,0.0
20230104:0710,0.0
20230104:0810,93.67
20230104:0910,276.41
20230104:1010,407.83
20230104:1110,489.64
20230104:1210,501.96
20230104:1310,478.75
20230104:1410,399.09
20230104:1510,255.15
20230104:1610,50.74
20230104:1710,0.0
20230104:1810,0.0
20230104:1910,0.0
20230104:2010,0.0
20230104:2110,0.0
20230104:2210,0.0
20230104:2310,0.0
20230105:0010,0.0
20230105:0110,0.0
20230105:0210,0.0
20230105:0310,0.0
20230105:0410,0.0
20230105:0510,0.0
20230105:0610,0.0
20230105:0710,0.0
20230105:0810,96.85
20230105:0910,281.27
20230105:1010,407.25
20230105:1110,490.36
20230105:1210,509.68
20230105:1310,481.24
20230105:1410,398.2
20230105:1510,257.87
20230105:1610,53.99
20230105:1710,0.0
20230105:1810,0.0
20230105:1910,0.0
20230105:2010,0.0
20230105:2110,0.0
20230105:2210,0.0
20230105:2310,0.0
20230106:0010,0.0
20230106:0110,0.0
20230106:0210,0.0
20230106:0310,0.0
20230106:0410,0.0
20230106:0510,0.0
20230106:0610,0.0
20230106:0710,0.0
20230106:0810,96.73
20230106:0910,281.45
20230106:1010,407.21
20230106:1110,492.25
20230106:1210,509.21
20230106:1310,487.35
20230106:1410,402.11
20230106:1510,266.35
20230106:1610,58.77
20230106:1710,0.0
20230106:1810,0.0
20230106:1910,0.0
20230106:2010,0.0
20230106:2110,0.0
20230106:2210,0.0
20230106:2310,0.0
20230107:0010,0.0
20230107:0110,0.0
20230107:0210,0.0
20230107:0310,0.0
20230107:0410,0.0
20230107:0510,0.0
20230107:0610,0.0
20230107:0710,0.0
20230107:0810,99.49
20230107:0910,289.12
20230107:1010,423.34
20230107:1110,513.66
20230107:1210,542.15
20230107:1310,511.67
20230107:1410,422.11
20230107:1510,272.74
20230107:1610,71.68
20230107:1710,0.0
20230107:1810,0.0
20230107:1910,0.0
20230107:2010,0.0
20230107:2110,0.0
20230107:2210,0.0
20230107:2310,0.0
20230108:0010,0.0
20230108:0110,0.0
20230108:0210,0.0
20230108:0310,0.0
20230108:0410,0.0
20230108:0510,0.0
20230108:0610,0.0
20230108:0710,0.0
20230108:0810,8.89
20230108:0910,94.49
20230108:1010,134.14
20230108:1110,137.9
20230108:1210,51.41
20230108:1310,128.01
20230108:1410,203.57
20230108:1510,155.28
20230108:1610,38.98
20230108:1710,0.0
20230108:1810,0.0
20230108:1910,0.0
20230108:2010,0.0
20230108:2110,0.0
20230108:2210,0.0
20230108:2310,0.0
20230109:0010,0.0
20230109:0110,0.0
20230109:0210,0.0
20230109:0310,0.0
20230109:0410,0.0
20230109:0510,0.0
20230109:0610,0.0
20230109:0710,0.0
20230109:0810,99.08
20230109:0910,277.64
20230109:1010,417.49
20230109:1110,503.94
20230109:1210,535.96
20230109:1310,500.36
20230109:1410,407.06
20230109:1510,281.79
20230109:1610,74.71
20230109:1710,0.0
20230109:1810,0.0
20230109:1910,0.0
20230109:2010,0.0
20230109:2110,0.0
20230109:2210,0.0
20230109:2310,0.0
20230110:0010,0.0
20230110:0110,0.0
20230110:0210,0.0
20230110:0310,0.0
20230110:0410,0.0
20230110:0510,0.0
20230110:0610,0.0
20230110:0710,0.0
20230110:0810,91.22
20230110:0910,279.11
20230110:1010,416.36
20230110:1110,455.87
20230110:1210,521.06
20230110:1310,500.3
20230110:1410,421.1
20230110:1510,277.65
20230110:1610,71.96
20230110:1710,0.0
20230110:1810,0.0
20230110:1910,0.0
20230110:2010,0.0
20230110:2110,0.0
20230110:2210,0.0
20230110:2310,0.0
20230111:0010,0.0
20230111:0110,0.0
20230111:0210,0.0
20230111:0310,0.0
20230111:0410,0.0
20230111:0510,0.0
20230111:0610,0.0
20230111:0710,0.0
20230111:0810,89.56
20230111:0910,255.82
20230111:1010,213.22
20230111:1110,227.99
20230111:1210,274.48
20230111:1310,99.96
20230111:1410,161.87
20230111:1510,101.7
20230111:1610,21.91
20230111:1710,0.0
20230111:1810,0.0
20230111:1910,0.0
20230111:2010,0.0
20230111:2110,0.0
20230111:2210,0.0
20230111:2310,0.0
20230112:0010,0.0
20230112:0110,0.0
20230112:0210,0.0
20230112:0310,0.0
20230112:0410,0.0
20230112:0510,0.0
20230112:0610,0.0
20230112:0710,0.0
20230112:0810,63.69
20230112:0910,266.86
20230112:1010,402.82
20230112:1110,516.64
20230112:1210,537.64
20230112:1310,499.15
20230112:1410,426.16
20230112:1510,268.96
20230112:1610,59.25
20230112:1710,0.0
20230112:1810,0.0
20230112:1910,0.0
20230112:2010,0.0
20230112:2110,0.0
20230112:2210,0.0
20230112:2310,0.0
20230113:0010,0.0
20230113:0110,0.0
20230113:0210,0.0
20230113:0310,0.0
20230113:0410,0.0
20230113:0510,0.0
20230113:0610,0.0
20230113:0710,0.0
20230113:0810,81.54
20230113:0910,139.48
20230113:1010,453.67
20230113:1110,409.01
20230113:1210,529.45
20230113:1310,502.8
20230113:1410,427.2
20230113:1510,289.19
20230113:1610,85.89
20230113:1710,0.0
20230113:1810,0.0
20230113:1910,0.0
20230113:2010,0.0
20230113:2110,0.0
20230113:2210,0.0
20230113:2310,0.0
20230114:0010,0.0
20230114:0110,0.0
20230114:0210,0.0
20230114:0310,0.0
20230114:0410,0.0
20230114:0510,0.0
20230114:0610,0.0
20230114:0710,0.0
20230114:0810,83.68
20230114:0910,271.19
20230114:1010,405.43
20230114:1110,464.52
20230114:1210,563.75
20230114:1310,521.58
20230114:1410,434.82
20230114:1510,281.53
20230114:1610,66.61
20230114:1710,0.0
20230114:1810,0.0
20230114:1910,0.0
20230114:2010,0.0
20230114:2110,0.0
20230114:2210,0.0
20230114:2310,0.0
20230115:0010,0.0
20230115:0110,0.0
20230115:0210,0.0
20230115:0310,0.0
20230115:0410,0.0
20230115:0510,0.0
20230115:0610,0.0
20230115:0710,0.0
20230115:0810,80.94
20230115:0910,80.71
20230115:1010,418.89
20230115:1110,423.41
20230115:1210,454.13
20230115:1310,244.35
20230115:1410,195.97
20230115:1510,33.98
20230115:1610,41.57
20230115:1710,0.0
20230115:1810,0.0
20230115:1910,0.0
20230115:2010,0.0
20230115:2110,0.0
20230115:2210,0.0
20230115:2310,0.0
20230116:0010,0.0
20230116:0110,0.0
20230116:0210,0.0
20230116:0310,0.0
20230116:0410,0.0
20230116:0510,0.0
20230116:0610,0.0
20230116:0710,0.0
20230116:0810,97.7
20230116:0910,299.49
20230116:1010,390.79
20230116:1110,501.22
20230116:1210,467.08
20230116:1310,360.26
20230116:1410,212.87
20230116:1510,52.81
20230116:1610,92.87
20230116:1710,0.0
20230116:1810,0.0
20230116:1910,0.0
20230116:2010,0.0
20230116:2110,0.0
20230116:2210,0.0
20230116:2310,0.0
20230117:0010,0.0
20230117:0110,0.0
20230117:0210,0.0
20230117:0310,0.0
20230117:0410,0.0
20230117:0510,0.0
20230117:0610,0.0
20230117:0710,0.0
20230117:0810,2.29
20230117:0910,306.89
20230117:1010,456.62
20230117:1110,545.32
20230117:1210,568.05
20230117:1310,535.41
20230117:1410,454.57
20230117:1510,317.68
20230117:1610,107.46
20230117:1710,0.0
20230117:1810,0.0
20230117:1910,0.0
20230117:2010,0.0
20230117:2110,0.0
20230117:2210,0.0
20230117:2310,0.0
20230118:0010,0.0
20230118:0110,0.0
20230118:0210,0.0
20230118:0310,0.0
20230118:0410,0.0
20230118:0510,0.0
20230118:0610,0.0
20230118:0710,0.0
20230118:0810,64.95
20230118:0910,324.24
20230118:1010,353.08
20230118:1110,540.75
20230118:1210,276.98
20230118:1310,110.75
20230118:1410,492.5
20230118:1510,337.71
20230118:1610,125.64
20230118:1710,0.0
20230118:1810,0.0
20230118:1910,0.0
20230118:2010,0.0
20230118:2110,0.0
20230118:2210,0.0
20230118:2310,0.0
20230119:0010,0.0
20230119:0110,0.0
20230119:0210,0.0
20230119:0310,0.0
20230119:0410,0.0
20230119:0510,0.0
20230119:0610,0.0
20230119:0710,0.0
20230119:0810,123.1
20230119:0910,311.77
20230119:1010,453.95
20230119:1110,552.73
20230119:1210,578.53
20230119:1310,556.98
20230119:1410,473.26
20230119:1510,347.08
20230119:1610,109.65
20230119:1710,0.0
20230119:1810,0.0
20230119:1910,0.0
20230119:2010,0.0
20230119:2110,0.0
20230119:2210,0.0
20230119:2310,0.0
20230120:0010,0.0
20230120:0110,0.0
20230120:0210,0.0
20230120:0310,0.0
20230120:0410,0.0
20230120:0510,0.0
20230120:0610,0.0
20230120:0710,0.0
20230120:0810,121.15
20230120:0910,300.38
20230120:1010,437.45
20230120:1110,547.37
20230120:1210,581.21
20230120:1310,557.06
20230120:1410,488.66
20230120:1510,333.7
20230120:1610,126.09
20230120:1710,0.0
20230120:1810,0.0
20230120:1910,0.0
20230120:2010,0.0
20230120:2110,0.0
20230120:2210,0.0
20230120:2310,0.0
20230121:0010,0.0
20230121:0110,0.0
20230121:0210,0.0
20230121:0310,0.0
20230121:0410,0.0
20230121:0510,0.0
20230121:0610,0.0
20230121:0710,0.0
20230121:0810,131.23
20230121:0910,321.76
20230121:1010,466.16
20230121:1110,573.54
20230121:1210,606.54
20230121:1310,518.77
20230121:1410,498.94
20230121:1510,348.15
20230121:1610,129.89
20230121:1710,0.0
20230121:1810,0.0
20230121:1910,0.0
20230121:2010,0.0
20230121:2110,0.0
20230121:2210,0.0
20230121:2310,0.0
20230122:0010,0.0
20230122:0110,0.0
20230122:0210,0.0
20230122:0310,0.0
20230122:0410,0.0
20230122:0510,0.0
20230122:0610,0.0
20230122:0710,0.0
20230122:0810,130.3
20230122:0910,322.08
20230122:1010,472.88
20230122:1110,573.5
20230122:1210,598.9
20230122:1310,574.96
20230122:1410,487.83
20230122:1510,359.59
20230122:1610,139.11
20230122:1710,0.0
20230122:1810,0.0
20230122:1910,0.0
20230122:2010,0.0
20230122:2110,0.0
20230122:2210,0.0
20230122:2310,0.0
20230123:0010,0.0
20230123:0110,0.0
20230123:0210,0.0
20230123:0310,0.0
20230123:0410,0.0
20230123:0510,0.0
20230123:0610,0.0
20230123:0710,0.0
20230123:0810,127.62
20230123:0910,236.41
20230123:1010,462.31
20230123:1110,553.04
20230123:1210,568.62
20230123:1310,468.89
20230123:1410,308.05
20230123:1510,360.88
20230123:1610,140.39
20230123:1710,0.0
20230123:1810,0.0
20230123:1910,0.0
20230123:2010,0.0
20230123:2110,0.0
20230123:2210,0.0
20230123:2310,0.0
20230124:0010,0.0
20230124:0110,0.0
20230124:0210,0.0
20230124:0310,0.0
20230124:0410,0.0
20230124:0510,0.0
20230124:0610,0.0
20230124:0710,0.0
20230124:0810,43.87
20230124:0910,157.86
20230124:1010,93.08
20230124:1110,57.21
20230124:1210,107.56
20230124:1310,105.07
20230124:1410,70.26
20230124:1510,66.94
20230124:1610,24.38
20230124:1710,0.0
20230124:1810,0.0
20230124:1910,0.0
20230124:2010,0.0
20230124:2110,0.0
20230124:2210,0.0
20230124:2310,0.0
20230125:0010,0.0
20230125:0110,0.0
20230125:0210,0.0
20230125:0310,0.0
20230125:0410,0.0
20230125:0510,0.0
20230125:0610,0.0
20230125:0710,0.0
20230125:0810,127.87
20230125:0910,334.57
20230125:1010,467.88
20230125:1110,558.17
20230125:1210,583.96
20230125:1310,558.11
20230125:1410,480.6
20230125:1510,343.64
20230125:1610,144.5
20230125:1710,0.0
20230125:1810,0.0
20230125:1910,0.0
20230125:2010,0.0
20230125:2110,0.0
20230125:2210,0.0
20230125:2310,0.0
20230126:0010,0.0
20230126:0110,0.0
20230126:0210,0.0
20230126:0310,0.0
20230126:0410,0.0
20230126:0510,0.0
20230126:0610,0.0
20230126:0710,0.0
20230126:0810,133.33
20230126:0910,318.55
20230126:1010,463.44
20230126:1110,551.9
20230126:1210,593.27
20230126:1310,565.25
20230126:1410,484.99
20230126:1510,301.81
20230126:1610,162.26
20230126:1710,0.0
20230126:1810,0.0
20230126:1910,0.0
20230126:2010,0.0
20230126:2110,0.0
20230126:2210,0.0
20230126:2310,0.0
20230127:0010,0.0
20230127:0110,0.0
20230127:0210,0.0
20230127:0310,0.0
20230127:0410,0.0
20230127:0510,0.0
20230127:0610,0.0
20230127:0710,0.0
20230127:0810,137.16
20230127:0910,211.56
20230127:1010,441.74
20230127:1110,538.02
20230127:1210,561.82
20230127:1310,496.95
20230127:1410,394.21
20230127:1510,294.75
20230127:1610,44.91
20230127:1710,0.0
20230127:1810,0.0
20230127:1910,0.0
20230127:2010,0.0
20230127:2110,0.0
20230127:2210,0.0
20230127:2310,0.0
20230128:0010,0.0
20230128:0110,0.0
20230128:0210,0.0
20230128:0310,0.0
20230128:0410,0.0
20230128:0510,0.0
20230128:0610,0.0
20230128:0710,0.0
20230128:0810,90.07
20230128:0910,221.23
20230128:1010,306.76
20230128:1110,424.07
20230128:1210,573.82
20230128:1310,442.29
20230128:1410,257.28
20230128:1510,192.86
20230128:1610,18.82
20230128:1710,0.0
20230128:1810,0.0
20230128:1910,0.0
20230128:2010,0.0
20230128:2110,0.0
20230128:2210,0.0
20230128:2310,0.0
20230129:0010,0.0
20230129:0110,0.0
20230129:0210,0.0
20230129:0310,0.0
20230129:0410,0.0
20230129:0510,0.0
20230129:0610,0.0
20230129:0710,0.0
20230129:0810,137.64
20230129:0910,324.67
20230129:1010,492.29
20230129:1110,576.83
20230129:1210,597.98
20230129:1310,575.32
20230129:1410,498.41
20230129:1510,361.99
20230129:1610,158.75
20230129:1710,0.0
20230129:1810,0.0
20230129:1910,0.0
20230129:2010,0.0
20230129:2110,0.0
20230129:2210,0.0
20230129:2310,0.0
20230130:0010,0.0
20230130:0110,0.0
20230130:0210,0.0
20230130:0310,0.0
20230130:0410,0.0
20230130:0510,0.0
20230130:0610,0.0
20230130:0710,0.0
20230130:0810,144.44
20230130:0910,338.32
20230130:1010,488.94
20230130:1110,584.54
20230130:1210,614.22
20230130:1310,598.48
20230130:1410,508.86
20230130:1510,294.71
20230130:1610,176.51
20230130:1710,0.0
20230130:1810,0.0
20230130:1910,0.0
20230130:2010,0.0
20230130:2110,0.0
20230130:2210,0.0
20230130:2310,0.0
20230131:0010,0.0
20230131:0110,0.0
20230131:0210,0.0
20230131:0310,0.0
20230131:0410,0.0
20230131:0510,0.0
20230131:0610,0.0
20230131:0710,0.0
20230131:0810,145.26
20230131:0910,334.24
20230131:1010,481.38
20230131:1110,560.19
20230131:1210,585.53
20230131:1310,576.7
20230131:1410,503.53
20230131:1510,372.13
20230131:1610,169.44
20230131:1710,0.0
20230131:1810,0.0
20230131:1910,0.0
20230131:2010,0.0
20230131:2110,0.0
20230131:2210,0.0
20230131:2310,0.0
20230201:0010,0.0
20230201:0110,0.0
20230201:0210,0.0
20230201:0310,0.0
20230201:0410,0.0
20230201:0510,0.0
20230201:0610,0.0
20230201:0710,0.0
20230201:0810,139.07
20230201:0910,324.15
20230201:1010,467.38
20230201:1110,555.48
20230201:1210,568.41
20230201:1310,562.17
20230201:1410,490.06
20230201:1510,362.62
20230201:1610,164.85
20230201:1710,0.0
20230201:1810,0.0
20230201:1910,0.0
20230201:2010,0.0
20230201:2110,0.0
20230201:2210,0.0
20230201:2310,0.0
20230202:0010,0.0
20230202:0110,0.0
20230202:0210,0.0
20230202:0310,0.0
20230202:0410,0.0
20230202:0510,0.0
20230202:0610,0.0
20230202:0710,0.0
20230202:0810,145.78
20230202:0910,330.33
20230202:1010,478.12
20230202:1110,566.77
20230202:1210,583.95
20230202:1310,566.38
20230202:1410,488.21
20230202:1510,363.61
20230202:1610,170.29
20230202:1710,0.0
20230202:1810,0.0
20230202:1910,0.0
20230202:2010,0.0
20230202:2110,0.0
20230202:2210,0.0
20230202:2310,0.0
20230203:0010,0.0
20230203:0110,0.0
20230203:0210,0.0
20230203:0310,0.0
20230203:0410,0.0
20230203:0510,0.0
20230203:0610,0.0
20230203:0710,0.0
20230203:0810,150.01
20230203:0910,334.11
20230203:1010,478.96
20230203:1110,560.03
20230203:1210,577.7
20230203:1310,572.47
20230203:1410,496.33
20230203:1510,372.34
20230203:1610,176.4
20230203:1710,0.0
20230203:1810,0.0
20230203:1910,0.0
20230203:2010,0.0
20230203:2110,0.0
20230203:2210,0.0
20230203:2310,0.0
20230204:0010,0.0
20230204:0110,0.0
20230204:0210,0.0
20230204:0310,0.0
20230204:0410,0.0
20230204:0510,0.0
20230204:0610,0.0
20230204:0710,0.0
20230204:0810,152.73
20230204:0910,330.42
20230204:1010,479.9
20230204:1110,578.65
20230204:1210,595.5
20230204:1310,566.34
20230204:1410,497.16
20230204:1510,372.03
20230204:1610,180.68
20230204:1710,0.0
20230204:1810,0.0
20230204:1910,0.0
20230204:2010,0.0
20230204:2110,0.0
20230204:2210,0.0
20230204:2310,0.0
20230205:0010,0.0
20230205:0110,0.0
20230205:0210,0.0
20230205:0310,0.0
20230205:0410,0.0
20230205:0510,0.0
20230205:0610,0.0
20230205:0710,0.0
20230205:0810,154.92
20230205:0910,342.32
20230205:1010,484.42
20230205:1110,562.1
20230205:1210,601.65
20230205:1310,583.22
20230205:1410,513.04
20230205:1510,379.41
20230205:1610,189.36
20230205:1710,0.0
20230205:1810,0.0
20230205:1910,0.0
20230205:2010,0.0
20230205:2110,0.0
20230205:2210,0.0
20230205:2310,0.0
20230206:0010,0.0
20230206:0110,0.0
20230206:0210,0.0
20230206:0310,0.0
20230206:0410,0.0
20230206:0510,0.0
20230206:0610,0.0
20230206:0710,0.0
20230206:0810,156.03
20230206:0910,311.91
20230206:1010,365.71
20230206:1110,356.66
20230206:1210,250.38
20230206:1310,416.5
20230206:1410,125.95
20230206:1510,312.42
20230206:1610,82.43
20230206:1710,0.0
20230206:1810,0.0
20230206:1910,0.0
20230206:2010,0.0
20230206:2110,0.0
20230206:2210,0.0
20230206:2310,0.0
20230207:0010,0.0
20230207:0110,0.0
20230207:0210,0.0
20230207:0310,0.0
20230207:0410,0.0
20230207:0510,0.0
20230207:0610,0.0
20230207:0710,0.0
20230207:0810,62.21
20230207:0910,102.68
20230207:1010,110.64
20230207:1110,59.98
20230207:1210,71.53
20230207:1310,50.38
20230207:1410,71.25
20230207:1510,30.17
20230207:1610,38.41
20230207:1710,0.0
20230207:1810,0.0
20230207:1910,0.0
20230207:2010,0.0
20230207:2110,0.0
20230207:2210,0.0
20230207:2310,0.0
20230208:0010,0.0
20230208:0110,0.0
20230208:0210,0.0
20230208:0310,0.0
20230208:0410,0.0
20230208:0510,0.0
20230208:0610,0.0
20230208:0710,0.0
20230208:0810,156.31
20230208:0910,241.46
20230208:1010,492.06
20230208:1110,376.9
20230208:1210,466.33
20230208:1310,180.4
20230208:1410,130.36
20230208:1510,256.27
20230208:1610,209.26
20230208:1710,0.0
20230208:1810,0.0
20230208:1910,0.0
20230208:2010,0.0
20230208:2110,0.0
20230208:2210,0.0
20230208:2310,0.0
20230209:0010,0.0
20230209:0110,0.0
20230209:0210,0.0
20230209:0310,0.0
20230209:0410,0.0
20230209:0510,0.0
20230209:0610,0.0
20230209:0710,0.0
20230209:0810,156.85
20230209:0910,291.12
20230209:1010,410.97
20230209:1110,512.36
20230209:1210,407.55
20230209:1310,144.35
20230209:1410,63.08
20230209:1510,61.47
20230209:1610,51.43
20230209:1710,0.0
20230209:1810,0.0
20230209:1910,0.0
20230209:2010,0.0
20230209:2110,0.0
20230209:2210,0.0
20230209:2310,0.0
20230210:0010,0.0
20230210:0110,0.0
20230210:0210,0.0
20230210:0310,0.0
20230210:0410,0.0
20230210:0510,0.0
20230210:0610,0.0
20230210:0710,0.0
20230210:0810,160.6
20230210:0910,357.01
20230210:1010,510.16
20230210:1110,588.3
20230210:1210,630.42
20230210:1310,592.23
20230210:1410,532.61
20230210:1510,402.07
20230210:1610,213.26
20230210:1710,0.0
20230210:1810,0.0
20230210:1910,0.0
20230210:2010,0.0
20230210:2110,0.0
20230210:2210,0.0
20230210:2310,0.0
20230211:0010,0.0
20230211:0110,0.0
20230211:0210,0.0
20230211:0310,0.0
20230211:0410,0.0
20230211:0510,0.0
20230211:0610,0.0
20230211:0710,0.52
20230211:0810,174.36
20230211:0910,365.0
20230211:1010,511.62
20230211:1110,592.88
20230211:1210,624.47
20230211:1310,609.18
20230211:1410,540.88
20230211:1510,403.07
20230211:1610,220.02
20230211:1710,0.0
20230211:1810,0.0
20230211:1910,0.0
20230211:2010,0.0
20230211:2110,0.0
20230211:2210,0.0
20230211:2310,0.0
20230212:0010,0.0
20230212:0110,0.0
20230212:0210,0.0
20230212:0310,0.0
20230212:0410,0.0
20230212:0510,0.0
20230212:0610,0.0
20230212:0710,1.91
20230212:0810,179.96
20230212:0910,369.45
20230212:1010,514.91
20230212:1110,607.24
20230212:1210,637.98
20230212:1310,624.31
20230212:1410,551.63
20230212:1510,412.43
20230212:1610,223.5
20230212:1710,0.0
20230212:1810,0.0
20230212:1910,0.0
20230212:2010,0.0
20230212:2110,0.0
20230212:2210,0.0
20230212:2310,0.0
20230213:0010,0.0
20230213:0110,0.0
20230213:0210,0.0
20230213:0310,0.0
20230213:0410,0.0
20230213:0510,0.0
20230213:0610,0.0
20230213:0710,2.43
20230213:0810,182.73
20230213:0910,372.91
20230213:1010,515.82
20230213:1110,601.73
20230213:1210,638.23
20230213:1310,616.33
20230213:1410,546.54
20230213:1510,409.03
20230213:1610,226.47
20230213:1710,0.0
20230213:1810,0.0
20230213:1910,0.0
20230213:2010,0.0
20230213:2110,0.0
20230213:2210,0.0
20230213:2310,0.0
20230214:0010,0.0
20230214:0110,0.0
20230214:0210,0.0
20230214:0310,0.0
20230214:0410,0.0
20230214:0510,0.0
20230214:0610,0.0
20230214:0710,3.47
20230214:0810,183.16
20230214:0910,370.95
20230214:1010,523.68
20230214:1110,610.13
20230214:1210,647.92
20230214:1310,643.17
20230214:1410,556.86
20230214:1510,420.17
20230214:1610,239.23
20230214:1710,0.0
20230214:1810,0.0
20230214:1910,0.0
20230214:2010,0.0
20230214:2110,0.0
20230214:2210,0.0
20230214:2310,0.0
20230215:0010,0.0
20230215:0110,0.0
20230215:0210,0.0
20230215:0310,0.0
20230215:0410,0.0
20230215:0510,0.0
20230215:0610,0.0
20230215:0710,1.87
20230215:0810,118.02
20230215:0910,306.12
20230215:1010,499.84
20230215:1110,610.61
20230215:1210,631.96
20230215:1310,604.16
20230215:1410,518.44
20230215:1510,328.7
20230215:1610,186.82
20230215:1710,0.0
20230215:1810,0.0
20230215:1910,0.0
20230215:2010,0.0
20230215:2110,0.0
20230215:2210,0.0
20230215:2310,0.0
20230216:0010,0.0
20230216:0110,0.0
20230216:0210,0.0
20230216:0310,0.0
20230216:0410,0.0
20230216:0510,0.0
20230216:0610,0.0
20230216:0710,5.7
20230216:0810,156.61
20230216:0910,300.94
20230216:1010,237.23
20230216:1110,260.72
20230216:1210,267.67
20230216:1310,318.25
20230216:1410,432.74
20230216:1510,295.71
20230216:1610,174.76
20230216:1710,0.0
20230216:1810,0.0
20230216:1910,0.0
20230216:2010,0.0
20230216:2110,0.0
20230216:2210,0.0
20230216:2310,0.0
20230217:0010,0.0
20230217:0110,0.0
20230217:0210,0.0
20230217:0310,0.0
20230217:0410,0.0
20230217:0510,0.0
20230217:0610,0.0
20230217:0710,7.04
20230217:0810,197.56
20230217:0910,392.01
20230217:1010,529.45
20230217:1110,614.9
20230217:1210,629.52
20230217:1310,614.32
20230217:1410,547.66
20230217:1510,419.0
20230217:1610,237.5
20230217:1710,0.45
20230217:1810,0.0
20230217:1910,0.0
20230217:2010,0.0
20230217:2110,0.0
20230217:2210,0.0
20230217:2310,0.0
20230218:0010,0.0
20230218:0110,0.0
20230218:0210,0.0
20230218:0310,0.0
20230218:0410,0.0
20230218:0510,0.0
20230218:0610,0.0
20230218:0710,8.27
20230218:0810,194.63
20230218:0910,383.63
20230218:1010,519.99
20230218:1110,604.85
20230218:1210,621.73
20230218:1310,619.36
20230218:1410,554.88
20230218:1510,424.04
20230218:1610,240.7
20230218:1710,2.83
20230218:1810,0.0
20230218:1910,0.0
20230218:2010,0.0
20230218:2110,0.0
20230218:2210,0.0
20230218:2310,0.0
20230219:0010,0.0
20230219:0110,0.0
20230219:0210,0.0
20230219:0310,0.0
20230219:0410,0.0
20230219:0510,0.0
20230219:0610,0.0
20230219:0710,9.63
20230219:0810,198.14
20230219:0910,380.1
20230219:1010,513.26
20230219:1110,590.98
20230219:1210,625.04
20230219:1310,614.28
20230219:1410,538.01
20230219:1510,410.98
20230219:1610,228.06
20230219:1710,4.35
20230219:1810,0.0
20230219:1910,0.0
20230219:2010,0.0
20230219:2110,0.0
20230219:2210,0.0
20230219:2310,0.0
20230220:0010,0.0
20230220:0110,0.0
20230220:0210,0.0
20230220:0310,0.0
20230220:0410,0.0
20230220:0510,0.0
20230220:0610,0.0
20230220:0710,11.58
20230220:0810,204.02
20230220:0910,388.65
20230220:1010,511.57
20230220:1110,602.53
20230220:1210,635.5
20230220:1310,627.22
20230220:1410,558.78
20230220:1510,429.2
20230220:1610,247.46
20230220:1710,4.86
20230220:1810,0.0
20230220:1910,0.0
20230220:2010,0.0
20230220:2110,0.0
20230220:2210,0.0
20230220:2310,0.0
20230221:0010,0.0
20230221:0110,0.0
20230221:0210,0.0
20230221:0310,0.0
20230221:0410,0.0
20230221:0510,0.0
20230221:0610,0.0
20230221:0710,11.57
20230221:0810,165.91
20230221:0910,158.43
20230221:1010,355.04
20230221:1110,605.77
20230221:1210,652.67
20230221:1310,628.58
20230221:1410,552.72
20230221:1510,405.48
20230221:1610,141.53
20230221:1710,0.0
20230221:1810,0.0
20230221:1910,0.0
20230221:2010,0.0
20230221:2110,0.0
20230221:2210,0.0
20230221:2310,0.0
20230222:0010,0.0
20230222:0110,0.0
20230222:0210,0.0
20230222:0310,0.0
20230222:0410,0.0
20230222:0510,0.0
20230222:0610,0.0
20230222:0710,16.77
20230222:0810,141.5
20230222:0910,154.6
20230222:1010,427.86
20230222:1110,596.66
20230222:1210,643.75
20230222:1310,622.45
20230222:1410,546.41
20230222:1510,408.01
20230222:1610,231.37
20230222:1710,3.31
20230222:1810,0.0
20230222:1910,0.0
20230222:2010,0.0
20230222:2110,0.0
20230222:2210,0.0
20230222:2310,0.0
20230223:0010,0.0
20230223:0110,0.0
20230223:0210,0.0
20230223:0310,0.0
20230223:0410,0.0
20230223:0510,0.0
20230223:0610,0.0
20230223:0710,13.53
20230223:0810,94.36
20230223:0910,65.0
20230223:1010,164.21
20230223:1110,96.24
20230223:1210,71.25
20230223:1310,51.59
20230223:1410,58.06
20230223:1510,53.29
20230223:1610,10.68
20230223:1710,0.0
20230223:1810,0.0
20230223:1910,0.0
20230223:2010,0.0
20230223:2110,0.0
20230223:2210,0.0
20230223:2310,0.0
20230224:0010,0.0
20230224:0110,0.0
20230224:0210,0.0
20230224:0310,0.0
20230224:0410,0.0
20230224:0510,0.0
20230224:0610,0.0
20230224:0710,24.32
20230224:0810,225.37
20230224:0910,423.75
20230224:1010,571.15
20230224:1110,667.85
20230224:1210,661.18
20230224:1310,656.24
20230224:1410,590.36
20230224:1510,258.66
20230224:1610,130.57
20230224:1710,4.43
20230224:1810,0.0
20230224:1910,0.0
20230224:2010,0.0
20230224:2110,0.0
20230224:2210,0.0
20230224:2310,0.0
20230225:0010,0.0
20230225:0110,0.0
20230225:0210,0.0
20230225:0310,0.0
20230225:0410,0.0
20230225:0510,0.0
20230225:0610,0.0
20230225:0710,24.1
20230225:0810,56.3
20230225:0910,106.89
20230225:1010,87.66
20230225:1110,156.54
20230225:1210,304.79
20230225:1310,172.53
20230225:1410,139.84
20230225:1510,270.66
20230225:1610,106.52
20230225:1710,0.0
20230225:1810,0.0
20230225:1910,0.0
20230225:2010,0.0
20230225:2110,0.0
20230225:2210,0.0
20230225:2310,0.0
20230226:0010,0.0
20230226:0110,0.0
20230226:0210,0.0
20230226:0310,0.0
20230226:0410,0.0
20230226:0510,0.0
20230226:0610,0.0
20230226:0710,14.29
20230226:0810,71.79
20230226:0910,201.8
20230226:1010,247.75
20230226:1110,465.11
20230226:1210,577.71
20230226:1310,549.71
20230226:1410,174.08
20230226:1510,276.08
20230226:1610,75.58
20230226:1710,1.82
20230226:1810,0.0
20230226:1910,0.0
20230226:2010,0.0
20230226:2110,0.0
20230226:2210,0.0
20230226:2310,0.0
20230227:0010,0.0
20230227:0110,0.0
20230227:0210,0.0
20230227:0310,0.0
20230227:0410,0.0
20230227:0510,0.0
20230227:0610,0.0
20230227:0710,24.48
20230227:0810,60.91
20230227:0910,163.05
20230227:1010,605.25
20230227:1110,686.89
20230227:1210,555.87
20230227:1310,598.66
20230227:1410,208.07
20230227:1510,104.74
20230227:1610,41.44
20230227:1710,4.6
20230227:1810,0.0
20230227:1910,0.0
20230227:2010,0.0
20230227:2110,0.0
20230227:2210,0.0
20230227:2310,0.0
20230228:0010,0.0
20230228:0110,0.0
20230228:0210,0.0
20230228:0310,0.0
20230228:0410,0.0
20230228:0510,0.0
20230228:0610,0.0
20230228:0710,39.56
20230228:0810,129.28
20230228:0910,207.59
20230228:1010,172.2
20230228:1110,245.17
20230228:1210,374.32
20230228:1310,350.19
20230228:1410,400.33
20230228:1510,469.4
20230228:1610,278.62
20230228:1710,53.06
20230228:1810,0.0
20230228:1910,0.0
20230228:2010,0.0
20230228:2110,0.0
20230228:2210,0.0
20230228:2310,0.0
20230301:0010,0.0
20230301:0110,0.0
20230301:0210,0.0
20230301:0310,0.0
20230301:0410,0.0
20230301:0510,0.0
20230301:0610,0.0
20230301:0710,45.55
20230301:0810,250.27
20230301:0910,437.95
20230301:1010,578.88
20230301:1110,670.47
20230301:1210,659.76
20230301:1310,702.4
20230301:1410,616.51
20230301:1510,482.51
20230301:1610,293.59
20230301:1710,59.68
20230301:1810,0.0
20230301:1910,0.0
20230301:2010,0.0
20230301:2110,0.0
20230301:2210,0.0
20230301:2310,0.0
20230302:0010,0.0
20230302:0110,0.0
20230302:0210,0.0
20230302:0310,0.0
20230302:0410,0.0
20230302:0510,0.0
20230302:0610,0.0
20230302:0710,27.83
20230302:0810,144.16
20230302:0910,247.65
20230302:1010,279.65
20230302:1110,397.8
20230302:1210,611.54
20230302:1310,666.23
20230302:1410,450.17
20230302:1510,267.96
20230302:1610,209.67
20230302:1710,55.07
20230302:1810,0.0
20230302:1910,0.0
20230302:2010,0.0
20230302:2110,0.0
20230302:2210,0.0
20230302:2310,0.0
20230303:0010,0.0
20230303:0110,0.0
20230303:0210,0.0
20230303:0310,0.0
20230303:0410,0.0
20230303:0510,0.0
20230303:0610,0.0
20230303:0710,50.14
20230303:0810,250.93
20230303:0910,432.72
20230303:1010,578.75
20230303:1110,661.33
20230303:1210,587.78
20230303:1310,678.65
20230303:1410,602.94
20230303:1510,475.21
20230303:1610,284.99
20230303:1710,57.46
20230303:1810,0.0
20230303:1910,0.0
20230303:2010,0.0
20230303:2110,0.0
20230303:2210,0.0
20230303:2310,0.0
20230304:0010,0.0
20230304:0110,0.0
20230304:0210,0.0
20230304:0310,0.0
20230304:0410,0.0
20230304:0510,0.0
20230304:0610,0.0
20230304:0710,53.4
20230304:0810,256.11
20230304:0910,442.33
20230304:1010,578.5
20230304:1110,654.97
20230304:1210,615.5
20230304:1310,684.45
20230304:1410,604.92
20230304:1510,474.47
20230304:1610,287.24
20230304:1710,63.18
20230304:1810,0.0
20230304:1910,0.0
20230304:2010,0.0
20230304:2110,0.0
20230304:2210,0.0
20230304:2310,0.0
20230305:0010,0.0
20230305:0110,0.0
20230305:0210,0.0
20230305:0310,0.0
20230305:0410,0.0
20230305:0510,0.0
20230305:0610,0.0
20230305:0710,58.0
20230305:0810,262.34
20230305:0910,445.19
20230305:1010,587.13
20230305:1110,681.28
20230305:1210,670.24
20230305:1310,704.28
20230305:1410,620.68
20230305:1510,484.1
20230305:1610,302.18
20230305:1710,78.78
20230305:1810,0.0
20230305:1910,0.0
20230305:2010,0.0
20230305:2110,0.0
20230305:2210,0.0
20230305:2310,0.0
20230306:0010,0.0
20230306:0110,0.0
20230306:0210,0.0
20230306:0310,0.0
20230306:0410,0.0
20230306:0510,0.0
20230306:0610,0.0
20230306:0710,40.56
20230306:0810,87.64
20230306:0910,152.31
20230306:1010,412.82
20230306:1110,656.58
20230306:1210,628.21
20230306:1310,661.18
20230306:1410,522.21
20230306:1510,351.92
20230306:1610,136.96
20230306:1710,70.15
20230306:1810,0.0
20230306:1910,0.0
20230306:2010,0.0
20230306:2110,0.0
20230306:2210,0.0
20230306:2310,0.0
20230307:0010,0.0
20230307:0110,0.0
20230307:0210,0.0
20230307:0310,0.0
20230307:0410,0.0
20230307:0510,0.0
20230307:0610,0.0
20230307:0710,62.5
20230307:0810,260.2
20230307:0910,424.16
20230307:1010,497.3
20230307:1110,659.23
20230307:1210,136.05
20230307:1310,299.95
20230307:1410,413.82
20230307:1510,450.09
20230307:1610,262.63
20230307:1710,59.91
20230307:1810,0.0
20230307:1910,0.0
20230307:2010,0.0
20230307:2110,0.0
20230307:2210,0.0
20230307:2310,0.0
20230308:0010,0.0
20230308:0110,0.0
20230308:0210,0.0
20230308:0310,0.0
20230308:0410,0.0
20230308:0510,0.0
20230308:0610,0.0
20230308:0710,32.85
20230308:0810,139.66
20230308:0910,436.56
20230308:1010,562.68
20230308:1110,605.77
20230308:1210,665.58
20230308:1310,464.4
20230308:1410,370.48
20230308:1510,410.44
20230308:1610,161.75
20230308:1710,46.79
20230308:1810,0.0
20230308:1910,0.0
20230308:2010,0.0
20230308:2110,0.0
20230308:2210,0.0
20230308:2310,0.0
20230309:0010,0.0
20230309:0110,0.0
20230309:0210,0.0
20230309:0310,0.0
20230309:0410,0.0
20230309:0510,0.0
20230309:0610,0.0
20230309:0710,7.46
20230309:0810,33.94
20230309:0910,46.0
20230309:1010,60.25
20230309:1110,203.4
20230309:1210,368.74
20230309:1310,553.61
20230309:1410,480.6
20230309:1510,477.88
20230309:1610,282.47
20230309:1710,78.55
20230309:1810,0.0
20230309:1910,0.0
20230309:2010,0.0
20230309:2110,0.0
20230309:2210,0.0
20230309:2310,0.0
20230310:0010,0.0
20230310:0110,0.0
20230310:0210,0.0
20230310:0310,0.0
20230310:0410,0.0
20230310:0510,0.0
20230310:0610,0.0
20230310:0710,68.26
20230310:0810,254.29
20230310:0910,451.14
20230310:1010,596.27
20230310:1110,674.98
20230310:1210,698.17
20230310:1310,686.53
20230310:1410,603.91
20230310:1510,300.42
20230310:1610,282.34
20230310:1710,75.44
20230310:1810,0.0
20230310:1910,0.0
20230310:2010,0.0
20230310:2110,0.0
20230310:2210,0.0
20230310:2310,0.0
20230311:0010,0.0
20230311:0110,0.0
20230311:0210,0.0
20230311:0310,0.0
20230311:0410,0.0
20230311:0510,0.0
20230311:0610,0.0
20230311:0710,71.89
20230311:0810,263.02
20230311:0910,438.75
20230311:1010,514.3
20230311:1110,595.69
20230311:1210,681.37
20230311:1310,668.24
20230311:1410,273.22
20230311:1510,438.85
20230311:1610,287.13
20230311:1710,73.07
20230311:1810,0.0
20230311:1910,0.0
20230311:2010,0.0
20230311:2110,0.0
20230311:2210,0.0
20230311:2310,0.0
20230312:0010,0.0
20230312:0110,0.0
20230312:0210,0.0
20230312:0310,0.0
20230312:0410,0.0
20230312:0510,0.0
20230312:0610,0.0
20230312:0710,77.07
20230312:0810,267.13
20230312:0910,435.7
20230312:1010,568.78
20230312:1110,649.92
20230312:1210,677.38
20230312:1310,665.89
20230312:1410,605.02
20230312:1510,487.11
20230312:1610,290.61
20230312:1710,78.37
20230312:1810,0.0
20230312:1910,0.0
20230312:2010,0.0
20230312:2110,0.0
20230312:2210,0.0
20230312:2310,0.0
20230313:0010,0.0
20230313:0110,0.0
20230313:0210,0.0
20230313:0310,0.0
20230313:0410,0.0
20230313:0510,0.0
20230313:0610,0.0
20230313:0710,34.03
20230313:0810,270.27
20230313:0910,446.72
20230313:1010,571.93
20230313:1110,656.55
20230313:1210,698.26
20230313:1310,685.89
20230313:1410,456.85
20230313:1510,311.48
20230313:1610,167.29
20230313:1710,37.07
20230313:1810,0.0
20230313:1910,0.0
20230313:2010,0.0
20230313:2110,0.0
20230313:2210,0.0
20230313:2310,0.0
20230314:0010,0.0
20230314:0110,0.0
20230314:0210,0.0
20230314:0310,0.0
20230314:0410,0.0
20230314:0510,0.0
20230314:0610,0.0
20230314:0710,86.88
20230314:0810,295.02
20230314:0910,481.02
20230314:1010,622.3
20230314:1110,686.3
20230314:1210,749.74
20230314:1310,701.38
20230314:1410,619.6
20230314:1510,482.96
20230314:1610,292.27
20230314:1710,94.55
20230314:1810,0.0
20230314:1910,0.0
20230314:2010,0.0
20230314:2110,0.0
20230314:2210,0.0
20230314:2310,0.0
20230315:0010,0.0
20230315:0110,0.0
20230315:0210,0.0
20230315:0310,0.0
20230315:0410,0.0
20230315:0510,0.0
20230315:0610,0.0
20230315:0710,84.29
20230315:0810,283.89
20230315:0910,456.61
20230315:1010,600.7
20230315:1110,689.75
20230315:1210,725.52
20230315:1310,640.05
20230315:1410,557.31
20230315:1510,488.76
20230315:1610,303.16
20230315:1710,93.74
20230315:1810,0.0
20230315:1910,0.0
20230315:2010,0.0
20230315:2110,0.0
20230315:2210,0.0
20230315:2310,0.0
20230316:0010,0.0
20230316:0110,0.0
20230316:0210,0.0
20230316:0310,0.0
20230316:0410,0.0
20230316:0510,0.0
20230316:0610,0.0
20230316:0710,93.85
20230316:0810,296.84
20230316:0910,470.35
20230316:1010,606.32
20230316:1110,695.67
20230316:1210,742.21
20230316:1310,708.8
20230316:1410,630.64
20230316:1510,504.05
20230316:1610,324.48
20230316:1710,101.98
20230316:1810,0.0
20230316:1910,0.0
20230316:2010,0.0
20230316:2110,0.0
20230316:2210,0.0
20230316:2310,0.0
20230317:0010,0.0
20230317:0110,0.0
20230317:0210,0.0
20230317:0310,0.0
20230317:0410,0.0
20230317:0510,0.0
20230317:0610,0.0
20230317:0710,94.65
20230317:0810,165.13
20230317:0910,195.66
20230317:1010,285.44
20230317:1110,259.83
20230317:1210,548.2
20230317:1310,657.48
20230317:1410,143.14
20230317:1510,287.39
20230317:1610,264.2
20230317:1710,52.02
20230317:1810,0.0
20230317:1910,0.0
20230317:2010,0.0
20230317:2110,0.0
20230317:2210,0.0
20230317:2310,0.0
20230318:0010,0.0
20230318:0110,0.0
20230318:0210,0.0
20230318:0310,0.0
20230318:0410,0.0
20230318:0510,0.0
20230318:0610,0.0
20230318:0710,58.79
20230318:0810,246.91
20230318:0910,312.93
20230318:1010,290.66
20230318:1110,262.45
20230318:1210,412.63
20230318:1310,658.53
20230318:1410,404.66
20230318:1510,397.08
20230318:1610,310.38
20230318:1710,98.92
20230318:1810,0.0
20230318:1910,0.0
20230318:2010,0.0
20230318:2110,0.0
20230318:2210,0.0
20230318:2310,0.0
20230319:0010,0.0
20230319:0110,0.0
20230319:0210,0.0
20230319:0310,0.0
20230319:0410,0.0
20230319:0510,0.0
20230319:0610,0.0
20230319:0710,50.89
20230319:0810,200.4
20230319:0910,440.44
20230319:1010,587.99
20230319:1110,638.09
20230319:1210,651.43
20230319:1310,692.4
20230319:1410,623.98
20230319:1510,503.41
20230319:1610,311.98
20230319:1710,104.73
20230319:1810,0.0
20230319:1910,0.0
20230319:2010,0.0
20230319:2110,0.0
20230319:2210,0.0
20230319:2310,0.0
20230320:0010,0.0
20230320:0110,0.0
20230320:0210,0.0
20230320:0310,0.0
20230320:0410,0.0
20230320:0510,0.0
20230320:0610,0.0
20230320:0710,108.11
20230320:0810,313.88
20230320:0910,490.05
20230320:1010,627.43
20230320:1110,695.98
20230320:1210,743.97
20230320:1310,710.12
20230320:1410,610.66
20230320:1510,484.31
20230320:1610,312.69
20230320:1710,88.19
20230320:1810,0.0
20230320:1910,0.0
20230320:2010,0.0
20230320:2110,0.0
20230320:2210,0.0
20230320:2310,0.0
20230321:0010,0.0
20230321:0110,0.0
20230321:0210,0.0
20230321:0310,0.0
20230321:0410,0.0
20230321:0510,0.0
20230321:0610,0.0
20230321:0710,0.0
20230321:0810,0.0
20230321:0910,426.55
20230321:1010,592.13
20230321:1110,647.19
20230321:1210,692.2
20230321:1310,623.64
20230321:1410,357.51
20230321:1510,452.5
20230321:1610,299.97
20230321:1710,54.27
20230321:1810,0.0
20230321:1910,0.0
20230321:2010,0.0
20230321:2110,0.0
20230321:2210,0.0
20230321:2310,0.0
20230322:0010,0.0
20230322:0110,0.0
20230322:0210,0.0
20230322:0310,0.0
20230322:0410,0.0
20230322:0510,0.0
20230322:0610,0.86
20230322:0710,0.0
20230322:0810,298.31
20230322:0910,496.54
20230322:1010,625.39
20230322:1110,716.14
20230322:1210,766.13
20230322:1310,725.15
20230322:1410,639.52
20230322:1510,490.46
20230322:1610,339.21
20230322:1710,90.75
20230322:1810,0.0
20230322:1910,0.0
20230322:2010,0.0
20230322:2110,0.0
20230322:2210,0.0
20230322:2310,0.0
20230323:0010,0.0
20230323:0110,0.0
20230323:0210,0.0
20230323:0310,0.0
20230323:0410,0.0
20230323:0510,0.0
20230323:0610,2.27
20230323:0710,118.29
20230323:0810,316.38
20230323:0910,495.48
20230323:1010,630.97
20230323:1110,711.84
20230323:1210,760.3
20230323:1310,677.83
20230323:1410,632.38
20230323:1510,506.15
20230323:1610,331.8
20230323:1710,117.21
20230323:1810,0.0
20230323:1910,0.0
20230323:2010,0.0
20230323:2110,0.0
20230323:2210,0.0
20230323:2310,0.0
20230324:0010,0.0
20230324:0110,0.0
20230324:0210,0.0
20230324:0310,0.0
20230324:0410,0.0
20230324:0510,0.0
20230324:0610,1.32
20230324:0710,123.38
20230324:0810,322.52
20230324:0910,384.84
20230324:1010,619.86
20230324:1110,623.39
20230324:1210,603.63
20230324:1310,384.88
20230324:1410,192.38
20230324:1510,155.88
20230324:1610,98.27
20230324:1710,51.69
20230324:1810,0.0
20230324:1910,0.0
20230324:2010,0.0
20230324:2110,0.0
20230324:2210,0.0
20230324:2310,0.0
20230325:0010,0.0
20230325:0110,0.0
20230325:0210,0.0
20230325:0310,0.0
20230325:0410,0.0
20230325:0510,0.0
20230325:0610,4.93
20230325:0710,122.88
20230325:0810,311.79
20230325:0910,507.62
20230325:1010,583.23
20230325:1110,698.68
20230325:1210,742.35
20230325:1310,443.84
20230325:1410,489.4
20230325:1510,538.72
20230325:1610,277.85
20230325:1710,88.12
20230325:1810,0.0
20230325:1910,0.0
20230325:2010,0.0
20230325:2110,0.0
20230325:2210,0.0
20230325:2310,0.0
20230326:0010,0.0
20230326:0110,0.0
20230326:0210,0.0
20230326:0310,0.0
20230326:0410,0.0
20230326:0510,0.0
20230326:0610,6.19
20230326:0710,120.29
20230326:0810,301.17
20230326:0910,454.09
20230326:1010,646.71
20230326:1110,643.19
20230326:1210,771.21
20230326:1310,709.8
20230326:1410,633.8
20230326:1510,502.12
20230326:1610,337.15
20230326:1710,123.56
20230326:1810,0.0
20230326:1910,0.0
20230326:2010,0.0
20230326:2110,0.0
20230326:2210,0.0
20230326:2310,0.0
20230327:0010,0.0
20230327:0110,0.0
20230327:0210,0.0
20230327:0310,0.0
20230327:0410,0.0
20230327:0510,0.0
20230327:0610,8.0
20230327:0710,140.85
20230327:0810,347.84
20230327:0910,518.38
20230327:1010,642.26
20230327:1110,720.91
20230327:1210,772.2
20230327:1310,749.45
20230327:1410,662.24
20230327:1510,534.1
20230327:1610,352.37
20230327:1710,136.09
20230327:1810,0.0
20230327:1910,0.0
20230327:2010,0.0
20230327:2110,0.0
20230327:2210,0.0
20230327:2310,0.0
20230328:0010,0.0
20230328:0110,0.0
20230328:0210,0.0
20230328:0310,0.0
20230328:0410,0.0
20230328:0510,0.0
20230328:0610,2.3
20230328:0710,43.08
20230328:0810,144.45
20230328:0910,234.42
20230328:1010,392.64
20230328:1110,277.44
20230328:1210,629.69
20230328:1310,613.84
20230328:1410,637.85
20230328:1510,507.36
20230328:1610,353.68
20230328:1710,131.53
20230328:1810,0.0
20230328:1910,0.0
20230328:2010,0.0
20230328:2110,0.0
20230328:2210,0.0
20230328:2310,0.0
20230329:0010,0.0
20230329:0110,0.0
20230329:0210,0.0
20230329:0310,0.0
20230329:0410,0.0
20230329:0510,0.0
20230329:0610,9.98
20230329:0710,146.6
20230329:0810,354.48
20230329:0910,516.26
20230329:1010,662.11
20230329:1110,738.42
20230329:1210,785.9
20230329:1310,754.15
20230329:1410,660.42
20230329:1510,517.19
20230329:1610,322.64
20230329:1710,132.86
20230329:1810,0.0
20230329:1910,0.0
20230329:2010,0.0
20230329:2110,0.0
20230329:2210,0.0
20230329:2310,0.0
20230330:0010,0.0
20230330:0110,0.0
20230330:0210,0.0
20230330:0310,0.0
20230330:0410,0.0
20230330:0510,0.0
20230330:0610,0.92
20230330:0710,93.29
20230330:0810,349.5
20230330:0910,521.71
20230330:1010,638.67
20230330:1110,541.94
20230330:1210,745.91
20230330:1310,710.41
20230330:1410,342.37
20230330:1510,237.58
20230330:1610,357.91
20230330:1710,139.4
20230330:1810,0.0
20230330:1910,0.0
20230330:2010,0.0
20230330:2110,0.0
20230330:2210,0.0
20230330:2310,0.0
20230331:0010,0.0
20230331:0110,0.0
20230331:0210,0.0
20230331:0310,0.0
20230331:0410,0.0
20230331:0510,0.0
20230331:0610,8.03
20230331:0710,131.1
20230331:0810,324.41
20230331:0910,502.1
20230331:1010,635.43
20230331:1110,698.71
20230331:1210,642.26
20230331:1310,392.36
20230331:1410,478.85
20230331:1510,506.88
20230331:1610,297.94
20230331:1710,116.83
20230331:1810,0.0
20230331:1910,0.0
20230331:2010,0.0
20230331:2110,0.0
20230331:2210,0.0
20230331:2310,0.0
20230401:0010,0.0
20230401:0110,0.0
20230401:0210,0.0
20230401:0310,0.0
20230401:0410,0.0
20230401:0510,0.0
20230401:0610,2.3
20230401:0710,26.51
20230401:0810,69.09
20230401:0910,172.33
20230401:1010,631.18
20230401:1110,722.93
20230401:1210,749.82
20230401:1310,688.48
20230401:1410,596.73
20230401:1510,504.88
20230401:1610,350.23
20230401:1710,137.54
20230401:1810,0.0
20230401:1910,0.0
20230401:2010,0.0
20230401:2110,0.0
20230401:2210,0.0
20230401:2310,0.0
20230402:0010,0.0
20230402:0110,0.0
20230402:0210,0.0
20230402:0310,0.0
20230402:0410,0.0
20230402:0510,0.0
20230402:0610,13.41
20230402:0710,167.96
20230402:0810,379.96
20230402:0910,560.31
20230402:1010,687.24
20230402:1110,762.14
20230402:1210,775.17
20230402:1310,675.77
20230402:1410,605.24
20230402:1510,343.11
20230402:1610,369.39
20230402:1710,127.01
20230402:1810,0.0
20230402:1910,0.0
20230402:2010,0.0
20230402:2110,0.0
20230402:2210,0.0
20230402:2310,0.0
20230403:0010,0.0
20230403:0110,0.0
20230403:0210,0.0
20230403:0310,0.0
20230403:0410,0.0
20230403:0510,0.0
20230403:0610,15.8
20230403:0710,169.01
20230403:0810,370.73
20230403:0910,529.5
20230403:1010,651.71
20230403:1110,739.72
20230403:1210,779.3
20230403:1310,528.67
20230403:1410,673.99
20230403:1510,548.87
20230403:1610,362.65
20230403:1710,149.65
20230403:1810,0.0
20230403:1910,0.0
20230403:2010,0.0
20230403:2110,0.0
20230403:2210,0.0
20230403:2310,0.0
20230404:0010,0.0
20230404:0110,0.0
20230404:0210,0.0
20230404:0310,0.0
20230404:0410,0.0
20230404:0510,0.0
20230404:0610,16.63
20230404:0710,174.48
20230404:0810,376.88
20230404:0910,553.19
20230404:1010,474.56
20230404:1110,607.06
20230404:1210,753.77
20230404:1310,771.96
20230404:1410,680.59
20230404:1510,147.64
20230404:1610,289.55
20230404:1710,156.4
20230404:1810,0.0
20230404:1910,0.0
20230404:2010,0.0
20230404:2110,0.0
20230404:2210,0.0
20230404:2310,0.0
20230405:0010,0.0
20230405:0110,0.0
20230405:0210,0.0
20230405:0310,0.0
20230405:0410,0.0
20230405:0510,0.0
20230405:0610,18.66
20230405:0710,179.91
20230405:0810,384.26
20230405:0910,551.98
20230405:1010,671.21
20230405:1110,763.46
20230405:1210,806.66
20230405:1310,772.5
20230405:1410,695.29
20230405:1510,561.03
20230405:1610,359.55
20230405:1710,149.88
20230405:1810,0.0
20230405:1910,0.0
20230405:2010,0.0
20230405:2110,0.0
20230405:2210,0.0
20230405:2310,0.0
20230406:0010,0.0
20230406:0110,0.0
20230406:0210,0.0
20230406:0310,0.0
20230406:0410,0.0
20230406:0510,0.0
20230406:0610,19.53
20230406:0710,172.0
20230406:0810,321.82
20230406:0910,494.21
20230406:1010,538.01
20230406:1110,567.63
20230406:1210,644.77
20230406:1310,665.74
20230406:1410,680.14
20230406:1510,545.73
20230406:1610,357.04
20230406:1710,149.82
20230406:1810,0.0
20230406:1910,0.0
20230406:2010,0.0
20230406:2110,0.0
20230406:2210,0.0
20230406:2310,0.0
20230407:0010,0.0
20230407:0110,0.0
20230407:0210,0.0
20230407:0310,0.0
20230407:0410,0.0
20230407:0510,0.0
20230407:0610,23.15
20230407:0710,182.78
20230407:0810,380.17
20230407:0910,552.95
20230407:1010,683.1
20230407:1110,764.88
20230407:1210,800.08
20230407:1310,769.04
20230407:1410,682.46
20230407:1510,546.24
20230407:1610,355.47
20230407:1710,152.47
20230407:1810,0.0
20230407:1910,0.0
20230407:2010,0.0
20230407:2110,0.0
20230407:2210,0.0
20230407:2310,0.0
20230408:0010,0.0
20230408:0110,0.0
20230408:0210,0.0
20230408:0310,0.0
20230408:0410,0.0
20230408:0510,0.0
20230408:0610,29.9
20230408:0710,186.95
20230408:0810,387.44
20230408:0910,559.96
20230408:1010,686.88
20230408:1110,769.21
20230408:1210,799.44
20230408:1310,771.6
20230408:1410,686.09
20230408:1510,548.75
20230408:1610,363.39
20230408:1710,158.53
20230408:1810,0.0
20230408:1910,0.0
20230408:2010,0.0
20230408:2110,0.0
20230408:2210,0.0
20230408:2310,0.0
20230409:0010,0.0
20230409:0110,0.0
20230409:0210,0.0
20230409:0310,0.0
20230409:0410,0.0
20230409:0510,0.0
20230409:0610,32.25
20230409:0710,133.76
20230409:0810,348.18
20230409:0910,528.77
20230409:1010,661.42
20230409:1110,722.03
20230409:1210,770.9
20230409:1310,618.0
20230409:1410,675.97
20230409:1510,519.83
20230409:1610,268.04
20230409:1710,160.24
20230409:1810,0.0
20230409:1910,0.0
20230409:2010,0.0
20230409:2110,0.0
20230409:2210,0.0
20230409:2310,0.0
20230410:0010,0.0
20230410:0110,0.0
20230410:0210,0.0
20230410:0310,0.0
20230410:0410,0.0
20230410:0510,0.0
20230410:0610,14.99
20230410:0710,122.65
20230410:0810,272.18
20230410:0910,409.18
20230410:1010,433.43
20230410:1110,479.31
20230410:1210,757.24
20230410:1310,650.97
20230410:1410,635.3
20230410:1510,438.11
20230410:1610,303.73
20230410:1710,46.65
20230410:1810,0.0
20230410:1910,0.0
20230410:2010,0.0
20230410:2110,0.0
20230410:2210,0.0
20230410:2310,0.0
20230411:0010,0.0
20230411:0110,0.0
20230411:0210,0.0
20230411:0310,0.0
20230411:0410,0.0
20230411:0510,0.0
20230411:0610,31.42
20230411:0710,180.05
20230411:0810,372.83
20230411:0910,501.04
20230411:1010,626.2
20230411:1110,720.14
20230411:1210,752.09
20230411:1310,717.53
20230411:1410,646.68
20230411:1510,505.18
20230411:1610,272.17
20230411:1710,121.05
20230411:1810,0.44
20230411:1910,0.0
20230411:2010,0.0
20230411:2110,0.0
20230411:2210,0.0
20230411:2310,0.0
20230412:0010,0.0
20230412:0110,0.0
20230412:0210,0.0
20230412:0310,0.0
20230412:0410,0.0
20230412:0510,0.0
20230412:0610,30.61
20230412:0710,199.41
20230412:0810,396.92
20230412:0910,558.97
20230412:1010,681.45
20230412:1110,759.63
20230412:1210,781.2
20230412:1310,749.43
20230412:1410,659.32
20230412:1510,174.71
20230412:1610,50.16
20230412:1710,22.94
20230412:1810,0.0
20230412:1910,0.0
20230412:2010,0.0
20230412:2110,0.0
20230412:2210,0.0
20230412:2310,0.0
20230413:0010,0.0
20230413:0110,0.0
20230413:0210,0.0
20230413:0310,0.0
20230413:0410,0.0
20230413:0510,0.0
20230413:0610,37.81
20230413:0710,211.27
20230413:0810,413.05
20230413:0910,584.45
20230413:1010,699.87
20230413:1110,778.14
20230413:1210,798.45
20230413:1310,766.52
20230413:1410,545.27
20230413:1510,207.47
20230413:1610,372.94
20230413:1710,157.85
20230413:1810,1.93
20230413:1910,0.0
20230413:2010,0.0
20230413:2110,0.0
20230413:2210,0.0
20230413:2310,0.0
20230414:0010,0.0
20230414:0110,0.0
20230414:0210,0.0
20230414:0310,0.0
20230414:0410,0.0
20230414:0510,0.0
20230414:0610,33.75
20230414:0710,155.18
20230414:0810,194.04
20230414:0910,330.5
20230414:1010,562.33
20230414:1110,766.96
20230414:1210,780.59
20230414:1310,759.63
20230414:1410,491.49
20230414:1510,238.81
20230414:1610,132.96
20230414:1710,167.73
20230414:1810,2.35
20230414:1910,0.0
20230414:2010,0.0
20230414:2110,0.0
20230414:2210,0.0
20230414:2310,0.0
20230415:0010,0.0
20230415:0110,0.0
20230415:0210,0.0
20230415:0310,0.0
20230415:0410,0.0
20230415:0510,0.0
20230415:0610,36.38
20230415:0710,211.59
20230415:0810,408.84
20230415:0910,570.8
20230415:1010,677.62
20230415:1110,729.32
20230415:1210,735.68
20230415:1310,613.94
20230415:1410,630.63
20230415:1510,467.92
20230415:1610,369.55
20230415:1710,154.83
20230415:1810,3.46
20230415:1910,0.0
20230415:2010,0.0
20230415:2110,0.0
20230415:2210,0.0
20230415:2310,0.0
20230416:0010,0.0
20230416:0110,0.0
20230416:0210,0.0
20230416:0310,0.0
20230416:0410,0.0
20230416:0510,0.0
20230416:0610,39.36
20230416:0710,218.4
20230416:0810,416.02
20230416:0910,572.14
20230416:1010,625.7
20230416:1110,730.14
20230416:1210,729.91
20230416:1310,750.67
20230416:1410,686.58
20230416:1510,563.21
20230416:1610,377.48
20230416:1710,176.58
20230416:1810,4.19
20230416:1910,0.0
20230416:2010,0.0
20230416:2110,0.0
20230416:2210,0.0
20230416:2310,0.0
20230417:0010,0.0
20230417:0110,0.0
20230417:0210,0.0
20230417:0310,0.0
20230417:0410,0.0
20230417:0510,0.0
20230417:0610,43.14
20230417:0710,212.76
20230417:0810,392.61
20230417:0910,573.93
20230417:1010,706.23
20230417:1110,791.73
20230417:1210,798.11
20230417:1310,774.86
20230417:1410,672.59
20230417:1510,519.26
20230417:1610,241.12
20230417:1710,20.91
20230417:1810,1.75
20230417:1910,0.0
20230417:2010,0.0
20230417:2110,0.0
20230417:2210,0.0
20230417:2310,0.0
20230418:0010,0.0
20230418:0110,0.0
20230418:0210,0.0
20230418:0310,0.0
20230418:0410,0.0
20230418:0510,0.0
20230418:0610,41.19
20230418:0710,204.22
20230418:0810,354.6
20230418:0910,364.5
20230418:1010,559.7
20230418:1110,497.31
20230418:1210,595.21
20230418:1310,117.88
20230418:1410,89.91
20230418:1510,159.99
20230418:1610,51.36
20230418:1710,156.69
20230418:1810,5.72
20230418:1910,0.0
20230418:2010,0.0
20230418:2110,0.0
20230418:2210,0.0
20230418:2310,0.0
20230419:0010,0.0
20230419:0110,0.0
20230419:0210,0.0
20230419:0310,0.0
20230419:0410,0.0
20230419:0510,0.0
20230419:0610,45.19
20230419:0710,220.99
20230419:0810,415.51
20230419:0910,575.01
20230419:1010,698.83
20230419:1110,776.27
20230419:1210,808.13
20230419:1310,776.28
20230419:1410,697.15
20230419:1510,563.88
20230419:1610,378.44
20230419:1710,177.62
20230419:1810,6.48
20230419:1910,0.0
20230419:2010,0.0
20230419:2110,0.0
20230419:2210,0.0
20230419:2310,0.0
20230420:0010,0.0
20230420:0110,0.0
20230420:0210,0.0
20230420:0310,0.0
20230420:0410,0.0
20230420:0510,0.0
20230420:0610,46.93
20230420:0710,224.54
20230420:0810,417.41
20230420:0910,576.49
20230420:1010,698.27
20230420:1110,774.69
20230420:1210,808.36
20230420:1310,688.95
20230420:1410,693.44
20230420:1510,548.98
20230420:1610,114.86
20230420:1710,41.81
20230420:1810,8.5
20230420:1910,0.0
20230420:2010,0.0
20230420:2110,0.0
20230420:2210,0.0
20230420:2310,0.0
20230421:0010,0.0
20230421:0110,0.0
20230421:0210,0.0
20230421:0310,0.0
20230421:0410,0.0
20230421:0510,0.0
20230421:0610,48.16
20230421:0710,142.03
20230421:0810,146.15
20230421:0910,334.27
20230421:1010,473.43
20230421:1110,668.08
20230421:1210,713.13
20230421:1310,748.1
20230421:1410,671.91
20230421:1510,536.63
20230421:1610,361.84
20230421:1710,183.18
20230421:1810,11.67
20230421:1910,0.0
20230421:2010,0.0
20230421:2110,0.0
20230421:2210,0.0
20230421:2310,0.0
20230422:0010,0.0
20230422:0110,0.0
20230422:0210,0.0
20230422:0310,0.0
20230422:0410,0.0
20230422:0510,0.0
20230422:0610,54.83
20230422:0710,218.61
20230422:0810,345.99
20230422:0910,391.04
20230422:1010,642.11
20230422:1110,536.63
20230422:1210,593.89
20230422:1310,732.65
20230422:1410,665.27
20230422:1510,516.26
20230422:1610,372.11
20230422:1710,149.44
20230422:1810,2.2
20230422:1910,0.0
20230422:2010,0.0
20230422:2110,0.0
20230422:2210,0.0
20230422:2310,0.0
20230423:0010,0.0
20230423:0110,0.0
20230423:0210,0.0
20230423:0310,0.0
20230423:0410,0.0
20230423:0510,0.0
20230423:0610,59.54
20230423:0710,160.54
20230423:0810,414.51
20230423:0910,462.5
20230423:1010,677.03
20230423:1110,746.53
20230423:1210,726.53
20230423:1310,718.83
20230423:1410,646.29
20230423:1510,543.21
20230423:1610,375.14
20230423:1710,181.04
20230423:1810,13.29
20230423:1910,0.0
20230423:2010,0.0
20230423:2110,0.0
20230423:2210,0.0
20230423:2310,0.0
20230424:0010,0.0
20230424:0110,0.0
20230424:0210,0.0
20230424:0310,0.0
20230424:0410,0.0
20230424:0510,0.0
20230424:0610,56.85
20230424:0710,229.14
20230424:0810,372.99
20230424:0910,570.28
20230424:1010,644.52
20230424:1110,705.9
20230424:1210,766.74
20230424:1310,745.8
20230424:1410,675.16
20230424:1510,553.31
20230424:1610,373.55
20230424:1710,172.45
20230424:1810,14.68
20230424:1910,0.0
20230424:2010,0.0
20230424:2110,0.0
20230424:2210,0.0
20230424:2310,0.0
20230425:0010,0.0
20230425:0110,0.0
20230425:0210,0.0
20230425:0310,0.0
20230425:0410,0.0
20230425:0510,0.0
20230425:0610,53.09
20230425:0710,188.78
20230425:0810,387.17
20230425:0910,560.94
20230425:1010,676.65
20230425:1110,736.91
20230425:1210,756.45
20230425:1310,699.34
20230425:1410,604.99
20230425:1510,553.92
20230425:1610,364.84
20230425:1710,180.69
20230425:1810,15.17
20230425:1910,0.0
20230425:2010,0.0
20230425:2110,0.0
20230425:2210,0.0
20230425:2310,0.0
20230426:0010,0.0
20230426:0110,0.0
20230426:0210,0.0
20230426:0310,0.0
20230426:0410,0.0
20230426:0510,0.0
20230426:0610,60.65
20230426:0710,230.01
20230426:0810,412.35
20230426:0910,343.67
20230426:1010,357.84
20230426:1110,516.68
20230426:1210,708.6
20230426:1310,700.46
20230426:1410,645.14
20230426:1510,342.31
20230426:1610,168.29
20230426:1710,128.85
20230426:1810,7.42
20230426:1910,0.0
20230426:2010,0.0
20230426:2110,0.0
20230426:2210,0.0
20230426:2310,0.0
20230427:0010,0.0
20230427:0110,0.0
20230427:0210,0.0
20230427:0310,0.0
20230427:0410,0.0
20230427:0510,0.0
20230427:0610,60.8
20230427:0710,85.92
20230427:0810,360.69
20230427:0910,489.81
20230427:1010,597.59
20230427:1110,748.19
20230427:1210,777.44
20230427:1310,761.0
20230427:1410,685.2
20230427:1510,481.72
20230427:1610,341.19
20230427:1710,181.81
20230427:1810,16.12
20230427:1910,0.0
20230427:2010,0.0
20230427:2110,0.0
20230427:2210,0.0
20230427:2310,0.0
20230428:0010,0.0
20230428:0110,0.0
20230428:0210,0.0
20230428:0310,0.0
20230428:0410,0.0
20230428:0510,0.0
20230428:0610,67.93
20230428:0710,210.89
20230428:0810,346.47
20230428:0910,415.76
20230428:1010,625.56
20230428:1110,698.62
20230428:1210,757.93
20230428:1310,710.74
20230428:1410,524.63
20230428:1510,457.4
20230428:1610,356.35
20230428:1710,177.56
20230428:1810,18.03
20230428:1910,0.0
20230428:2010,0.0
20230428:2110,0.0
20230428:2210,0.0
20230428:2310,0.0
20230429:0010,0.0
20230429:0110,0.0
20230429:0210,0.0
20230429:0310,0.0
20230429:0410,0.0
20230429:0510,0.0
20230429:0610,62.01
20230429:0710,231.92
20230429:0810,421.34
20230429:0910,568.83
20230429:1010,682.02
20230429:1110,747.33
20230429:1210,771.37
20230429:1310,743.55
20230429:1410,486.82
20230429:1510,424.24
20230429:1610,263.86
20230429:1710,94.96
20230429:1810,15.95
20230429:1910,0.0
20230429:2010,0.0
20230429:2110,0.0
20230429:2210,0.0
20230429:2310,0.0
20230430:0010,0.0
20230430:0110,0.0
20230430:0210,0.0
20230430:0310,0.0
20230430:0410,0.0
20230430:0510,0.05
20230430:0610,65.61
20230430:0710,227.15
20230430:0810,372.86
20230430:0910,500.74
20230430:1010,652.53
20230430:1110,544.61
20230430:1210,748.95
20230430:1310,743.02
20230430:1410,631.55
20230430:1510,30.51
20230430:1610,19.01
20230430:1710,7.74
20230430:1810,0.42
20230430:1910,0.0
20230430:2010,0.0
20230430:2110,0.0
20230430:2210,0.0
20230430:2310,0.0
20230501:0010,0.0
20230501:0110,0.0
20230501:0210,0.0
20230501:0310,0.0
20230501:0410,0.0
20230501:0510,0.82
20230501:0610,75.19
20230501:0710,236.53
20230501:0810,406.95
20230501:0910,475.12
20230501:1010,568.51
20230501:1110,754.49
20230501:1210,712.37
20230501:1310,568.88
20230501:1410,455.8
20230501:1510,364.55
20230501:1610,301.55
20230501:1710,174.31
20230501:1810,25.6
20230501:1910,0.0
20230501:2010,0.0
20230501:2110,0.0
20230501:2210,0.0
20230501:2310,0.0
20230502:0010,0.0
20230502:0110,0.0
20230502:0210,0.0
20230502:0310,0.0
20230502:0410,0.0
20230502:0510,0.0
20230502:0610,78.61
20230502:0710,0.0
20230502:0810,438.87
20230502:0910,576.08
20230502:1010,694.31
20230502:1110,760.9
20230502:1210,792.24
20230502:1310,776.09
20230502:1410,700.66
20230502:1510,573.21
20230502:1610,400.54
20230502:1710,198.21
20230502:1810,28.77
20230502:1910,0.0
20230502:2010,0.0
20230502:2110,0.0
20230502:2210,0.0
20230502:2310,0.0
20230503:0010,0.0
20230503:0110,0.0
20230503:0210,0.0
20230503:0310,0.0
20230503:0410,0.0
20230503:0510,3.25
20230503:0610,77.02
20230503:0710,260.88
20230503:0810,445.36
20230503:0910,598.85
20230503:1010,705.42
20230503:1110,759.83
20230503:1210,776.16
20230503:1310,754.05
20230503:1410,667.84
20230503:1510,572.47
20230503:1610,392.17
20230503:1710,181.35
20230503:1810,26.79
20230503:1910,0.0
20230503:2010,0.0
20230503:2110,0.0
20230503:2210,0.0
20230503:2310,0.0
20230504:0010,0.0
20230504:0110,0.0
20230504:0210,0.0
20230504:0310,0.0
20230504:0410,0.0
20230504:0510,5.52
20230504:0610,76.58
20230504:0710,257.84
20230504:0810,442.31
20230504:0910,595.36
20230504:1010,712.21
20230504:1110,781.11
20230504:1210,787.45
20230504:1310,634.4
20230504:1410,693.12
20230504:1510,464.75
20230504:1610,393.02
20230504:1710,136.46
20230504:1810,3.17
20230504:1910,0.0
20230504:2010,0.0
20230504:2110,0.0
20230504:2210,0.0
20230504:2310,0.0
20230505:0010,0.0
20230505:0110,0.0
20230505:0210,0.0
20230505:0310,0.0
20230505:0410,0.0
20230505:0510,5.46
20230505:0610,77.53
20230505:0710,257.85
20230505:0810,440.3
20230505:0910,572.51
20230505:1010,679.28
20230505:1110,721.5
20230505:1210,792.29
20230505:1310,771.65
20230505:1410,684.46
20230505:1510,508.53
20230505:1610,372.63
20230505:1710,94.05
20230505:1810,30.78
20230505:1910,0.0
20230505:2010,0.0
20230505:2110,0.0
20230505:2210,0.0
20230505:2310,0.0
20230506:0010,0.0
20230506:0110,0.0
20230506:0210,0.0
20230506:0310,0.0
20230506:0410,0.0
20230506:0510,6.07
20230506:0610,81.57
20230506:0710,257.02
20230506:0810,430.02
20230506:0910,578.39
20230506:1010,702.13
20230506:1110,775.94
20230506:1210,757.12
20230506:1310,739.11
20230506:1410,630.03
20230506:1510,542.9
20230506:1610,350.97
20230506:1710,187.43
20230506:1810,33.24
20230506:1910,0.0
20230506:2010,0.0
20230506:2110,0.0
20230506:2210,0.0
20230506:2310,0.0
20230507:0010,0.0
20230507:0110,0.0
20230507:0210,0.0
20230507:0310,0.0
20230507:0410,0.0
20230507:0510,2.2
20230507:0610,9.23
20230507:0710,22.72
20230507:0810,350.37
20230507:0910,320.02
20230507:1010,366.33
20230507:1110,296.11
20230507:1210,671.2
20230507:1310,453.11
20230507:1410,436.29
20230507:1510,319.34
20230507:1610,268.35
20230507:1710,44.18
20230507:1810,33.29
20230507:1910,0.0
20230507:2010,0.0
20230507:2110,0.0
20230507:2210,0.0
20230507:2310,0.0
20230508:0010,0.0
20230508:0110,0.0
20230508:0210,0.0
20230508:0310,0.0
20230508:0410,0.0
20230508:0510,9.77
20230508:0610,82.08
20230508:0710,264.68
20230508:0810,440.83
20230508:0910,574.56
20230508:1010,676.89
20230508:1110,700.21
20230508:1210,669.88
20230508:1310,344.62
20230508:1410,270.12
20230508:1510,552.32
20230508:1610,384.19
20230508:1710,194.67
20230508:1810,35.95
20230508:1910,0.0
20230508:2010,0.0
20230508:2110,0.0
20230508:2210,0.0
20230508:2310,0.0
20230509:0010,0.0
20230509:0110,0.0
20230509:0210,0.0
20230509:0310,0.0
20230509:0410,0.0
20230509:0510,8.47
20230509:0610,85.69
20230509:0710,224.96
20230509:0810,287.04
20230509:0910,397.47
20230509:1010,667.93
20230509:1110,744.56
20230509:1210,737.48
20230509:1310,492.88
20230509:1410,306.69
20230509:1510,450.43
20230509:1610,215.93
20230509:1710,63.68
20230509:1810,18.34
20230509:1910,0.0
20230509:2010,0.0
20230509:2110,0.0
20230509:2210,0.0
20230509:2310,0.0
20230510:0010,0.0
20230510:0110,0.0
20230510:0210,0.0
20230510:0310,0.0
20230510:0410,0.0
20230510:0510,10.93
20230510:0610,84.99
20230510:0710,269.57
20230510:0810,409.84
20230510:0910,587.23
20230510:1010,699.94
20230510:1110,781.65
20230510:1210,812.62
20230510:1310,722.81
20230510:1410,587.86
20230510:1510,456.6
20230510:1610,269.48
20230510:1710,137.45
20230510:1810,32.34
20230510:1910,0.0
20230510:2010,0.0
20230510:2110,0.0
20230510:2210,0.0
20230510:2310,0.0
20230511:0010,0.0
20230511:0110,0.0
20230511:0210,0.0
20230511:0310,0.0
20230511:0410,0.0
20230511:0510,11.7
20230511:0610,84.5
20230511:0710,103.09
20230511:0810,183.45
20230511:0910,462.56
20230511:1010,391.06
20230511:1110,708.74
20230511:1210,701.72
20230511:1310,701.94
20230511:1410,569.91
20230511:1510,520.28
20230511:1610,341.43
20230511:1710,178.2
20230511:1810,38.29
20230511:1910,0.0
20230511:2010,0.0
20230511:2110,0.0
20230511:2210,0.0
20230511:2310,0.0
20230512:0010,0.0
20230512:0110,0.0
20230512:0210,0.0
20230512:0310,0.0
20230512:0410,0.0
20230512:0510,11.14
20230512:0610,90.26
20230512:0710,209.18
20230512:0810,313.57
20230512:0910,480.23
20230512:1010,615.13
20230512:1110,747.99
20230512:1210,73.75
20230512:1310,421.4
20230512:1410,74.62
20230512:1510,145.84
20230512:1610,62.0
20230512:1710,155.16
20230512:1810,39.27
20230512:1910,0.0
20230512:2010,0.0
20230512:2110,0.0
20230512:2210,0.0
20230512:2310,0.0
20230513:0010,0.0
20230513:0110,0.0
20230513:0210,0.0
20230513:0310,0.0
20230513:0410,0.0
20230513:0510,4.99
20230513:0610,73.27
20230513:0710,251.34
20230513:0810,407.93
20230513:0910,189.86
20230513:1010,369.03
20230513:1110,728.45
20230513:1210,322.56
20230513:1310,89.9
20230513:1410,476.64
20230513:1510,255.65
20230513:1610,249.26
20230513:1710,82.82
20230513:1810,11.21
20230513:1910,0.0
20230513:2010,0.0
20230513:2110,0.0
20230513:2210,0.0
20230513:2310,0.0
20230514:0010,0.0
20230514:0110,0.0
20230514:0210,0.0
20230514:0310,0.0
20230514:0410,0.0
20230514:0510,14.54
20230514:0610,93.45
20230514:0710,281.7
20230514:0810,457.89
20230514:0910,597.64
20230514:1010,712.91
20230514:1110,786.84
20230514:1210,692.95
20230514:1310,61.0
20230514:1410,551.69
20230514:1510,481.69
20230514:1610,99.96
20230514:1710,163.2
20230514:1810,21.8
20230514:1910,0.0
20230514:2010,0.0
20230514:2110,0.0
20230514:2210,0.0
20230514:2310,0.0
20230515:0010,0.0
20230515:0110,0.0
20230515:0210,0.0
20230515:0310,0.0
20230515:0410,0.0
20230515:0510,16.68
20230515:0610,95.26
20230515:0710,280.18
20230515:0810,459.33
20230515:0910,598.84
20230515:1010,686.51
20230515:1110,764.99
20230515:1210,763.98
20230515:1310,130.75
20230515:1410,224.62
20230515:1510,64.28
20230515:1610,74.76
20230515:1710,124.14
20230515:1810,39.96
20230515:1910,0.0
20230515:2010,0.0
20230515:2110,0.0
20230515:2210,0.0
20230515:2310,0.0
20230516:0010,0.0
20230516:0110,0.0
20230516:0210,0.0
20230516:0310,0.0
20230516:0410,0.0
20230516:0510,2.21
20230516:0610,99.89
20230516:0710,266.68
20230516:0810,419.34
20230516:0910,598.99
20230516:1010,701.77
20230516:1110,770.95
20230516:1210,622.68
20230516:1310,393.41
20230516:1410,47.34
20230516:1510,373.54
20230516:1610,421.79
20230516:1710,225.37
20230516:1810,46.14
20230516:1910,0.0
20230516:2010,0.0
20230516:2110,0.0
20230516:2210,0.0
20230516:2310,0.0
20230517:0010,0.0
20230517:0110,0.0
20230517:0210,0.0
20230517:0310,0.0
20230517:0410,0.0
20230517:0510,16.69
20230517:0610,99.05
20230517:0710,286.69
20230517:0810,466.1
20230517:0910,606.81
20230517:1010,698.85
20230517:1110,783.53
20230517:1210,823.54
20230517:1310,800.02
20230517:1410,726.19
20230517:1510,600.0
20230517:1610,419.52
20230517:1710,216.17
20230517:1810,30.33
20230517:1910,0.0
20230517:2010,0.0
20230517:2110,0.0
20230517:2210,0.0
20230517:2310,0.0
20230518:0010,0.0
20230518:0110,0.0
20230518:0210,0.0
20230518:0310,0.0
20230518:0410,0.0
20230518:0510,17.96
20230518:0610,100.66
20230518:0710,259.53
20230518:0810,316.34
20230518:0910,583.33
20230518:1010,553.77
20230518:1110,546.56
20230518:1210,114.19
20230518:1310,371.65
20230518:1410,369.77
20230518:1510,174.77
20230518:1610,62.47
20230518:1710,53.63
20230518:1810,19.35
20230518:1910,0.0
20230518:2010,0.0
20230518:2110,0.0
20230518:2210,0.0
20230518:2310,0.0
20230519:0010,0.0
20230519:0110,0.0
20230519:0210,0.0
20230519:0310,0.0
20230519:0410,0.0
20230519:0510,18.15
20230519:0610,96.92
20230519:0710,172.96
20230519:0810,455.3
20230519:0910,380.71
20230519:1010,487.95
20230519:1110,132.58
20230519:1210,96.16
20230519:1310,450.46
20230519:1410,619.81
20230519:1510,97.6
20230519:1610,90.45
20230519:1710,126.34
20230519:1810,38.44
20230519:1910,0.0
20230519:2010,0.0
20230519:2110,0.0
20230519:2210,0.0
20230519:2310,0.0
20230520:0010,0.0
20230520:0110,0.0
20230520:0210,0.0
20230520:0310,0.0
20230520:0410,0.0
20230520:0510,18.64
20230520:0610,99.67
20230520:0710,284.82
20230520:0810,459.74
20230520:0910,547.51
20230520:1010,707.55
20230520:1110,745.85
20230520:1210,609.28
20230520:1310,534.75
20230520:1410,374.44
20230520:1510,309.03
20230520:1610,71.8
20230520:1710,46.37
20230520:1810,7.82
20230520:1910,0.0
20230520:2010,0.0
20230520:2110,0.0
20230520:2210,0.0
20230520:2310,0.0
20230521:0010,0.0
20230521:0110,0.0
20230521:0210,0.0
20230521:0310,0.0
20230521:0410,0.0
20230521:0510,20.89
20230521:0610,100.84
20230521:0710,281.1
20230521:0810,459.84
20230521:0910,537.31
20230521:1010,644.18
20230521:1110,614.53
20230521:1210,358.33
20230521:1310,296.52
20230521:1410,312.27
20230521:1510,265.78
20230521:1610,210.44
20230521:1710,113.35
20230521:1810,29.15
20230521:1910,0.0
20230521:2010,0.0
20230521:2110,0.0
20230521:2210,0.0
20230521:2310,0.0
20230522:0010,0.0
20230522:0110,0.0
20230522:0210,0.0
20230522:0310,0.0
20230522:0410,0.0
20230522:0510,13.05
20230522:0610,26.04
20230522:0710,84.77
20230522:0810,102.07
20230522:0910,107.41
20230522:1010,199.25
20230522:1110,295.95
20230522:1210,557.73
20230522:1310,487.89
20230522:1410,441.41
20230522:1510,559.47
20230522:1610,331.12
20230522:1710,226.89
20230522:1810,52.27
20230522:1910,0.0
20230522:2010,0.0
20230522:2110,0.0
20230522:2210,0.0
20230522:2310,0.0
20230523:0010,0.0
20230523:0110,0.0
20230523:0210,0.0
20230523:0310,0.0
20230523:0410,0.0
20230523:0510,20.05
20230523:0610,68.62
20230523:0710,55.57
20230523:0810,86.01
20230523:0910,381.59
20230523:1010,665.64
20230523:1110,774.63
20230523:1210,808.75
20230523:1310,774.0
20230523:1410,682.7
20230523:1510,557.91
20230523:1610,401.94
20230523:1710,213.44
20230523:1810,48.34
20230523:1910,0.0
20230523:2010,0.0
20230523:2110,0.0
20230523:2210,0.0
20230523:2310,0.0
20230524:0010,0.0
20230524:0110,0.0
20230524:0210,0.0
20230524:0310,0.0
20230524:0410,0.0
20230524:0510,22.95
20230524:0610,104.91
20230524:0710,270.33
20230524:0810,423.73
20230524:0910,574.79
20230524:1010,637.84
20230524:1110,702.53
20230524:1210,713.79
20230524:1310,533.1
20230524:1410,407.27
20230524:1510,133.56
20230524:1610,103.93
20230524:1710,66.59
20230524:1810,30.16
20230524:1910,0.0
20230524:2010,0.0
20230524:2110,0.0
20230524:2210,0.0
20230524:2310,0.0
20230525:0010,0.0
20230525:0110,0.0
20230525:0210,0.0
20230525:0310,0.0
20230525:0410,0.0
20230525:0510,12.88
20230525:0610,38.13
20230525:0710,64.75
20230525:0810,125.96
20230525:0910,111.62
20230525:1010,134.27
20230525:1110,105.96
20230525:1210,99.34
20230525:1310,104.87
20230525:1410,100.56
20230525:1510,60.85
20230525:1610,125.2
20230525:1710,34.87
20230525:1810,4.3
20230525:1910,0.0
20230525:2010,0.0
20230525:2110,0.0
20230525:2210,0.0
20230525:2310,0.0
20230526:0010,0.0
20230526:0110,0.0
20230526:0210,0.0
20230526:0310,0.0
20230526:0410,0.0
20230526:0510,23.85
20230526:0610,106.93
20230526:0710,273.6
20230526:0810,446.76
20230526:0910,592.75
20230526:1010,700.27
20230526:1110,768.1
20230526:1210,802.89
20230526:1310,757.07
20230526:1410,675.01
20230526:1510,554.5
20230526:1610,399.67
20230526:1710,217.43
20230526:1810,52.39
20230526:1910,0.0
20230526:2010,0.0
20230526:2110,0.0
20230526:2210,0.0
20230526:2310,0.0
20230527:0010,0.0
20230527:0110,0.0
20230527:0210,0.0
20230527:0310,0.0
20230527:0410,0.0
20230527:0510,24.44
20230527:0610,107.61
20230527:0710,271.82
20230527:0810,436.49
20230527:0910,575.78
20230527:1010,674.06
20230527:1110,747.91
20230527:1210,784.69
20230527:1310,739.26
20230527:1410,570.19
20230527:1510,484.62
20230527:1610,317.06
20230527:1710,196.57
20230527:1810,51.32
20230527:1910,0.0
20230527:2010,0.0
20230527:2110,0.0
20230527:2210,0.0
20230527:2310,0.0
20230528:0010,0.0
20230528:0110,0.0
20230528:0210,0.0
20230528:0310,0.0
20230528:0410,0.0
20230528:0510,15.75
20230528:0610,74.16
20230528:0710,221.51
20230528:0810,432.03
20230528:0910,584.22
20230528:1010,666.26
20230528:1110,765.34
20230528:1210,778.43
20230528:1310,751.38
20230528:1410,670.08
20230528:1510,556.51
20230528:1610,388.65
20230528:1710,218.75
20230528:1810,59.69
20230528:1910,0.0
20230528:2010,0.0
20230528:2110,0.0
20230528:2210,0.0
20230528:2310,0.0
20230529:0010,0.0
20230529:0110,0.0
20230529:0210,0.0
20230529:0310,0.0
20230529:0410,0.0
20230529:0510,25.75
20230529:0610,107.57
20230529:0710,272.92
20230529:0810,450.02
20230529:0910,593.48
20230529:1010,689.96
20230529:1110,707.11
20230529:1210,775.37
20230529:1310,754.32
20230529:1410,659.88
20230529:1510,551.66
20230529:1610,346.55
20230529:1710,229.23
20230529:1810,46.27
20230529:1910,0.0
20230529:2010,0.0
20230529:2110,0.0
20230529:2210,0.0
20230529:2310,0.0
20230530:0010,0.0
20230530:0110,0.0
20230530:0210,0.0
20230530:0310,0.0
20230530:0410,0.0
20230530:0510,25.0
20230530:0610,92.92
20230530:0710,176.16
20230530:0810,224.18
20230530:0910,533.73
20230530:1010,674.48
20230530:1110,740.79
20230530:1210,732.7
20230530:1310,731.17
20230530:1410,652.51
20230530:1510,427.13
20230530:1610,113.9
20230530:1710,59.56
20230530:1810,36.83
20230530:1910,0.0
20230530:2010,0.0
20230530:2110,0.0
20230530:2210,0.0
20230530:2310,0.0
20230531:0010,0.0
20230531:0110,0.0
20230531:0210,0.0
20230531:0310,0.0
20230531:0410,0.0
20230531:0510,24.15
20230531:0610,83.27
20230531:0710,232.76
20230531:0810,421.91
20230531:0910,465.11
20230531:1010,314.49
20230531:1110,623.41
20230531:1210,164.15
20230531:1310,150.67
20230531:1410,359.17
20230531:1510,292.86
20230531:1610,188.42
20230531:1710,88.28
20230531:1810,48.93
20230531:1910,0.0
20230531:2010,0.0
20230531:2110,0.0
20230531:2210,0.0
20230531:2310,0.0
20230601:0010,0.0
20230601:0110,0.0
20230601:0210,0.0
20230601:0310,0.0
20230601:0410,0.0
20230601:0510,20.43
20230601:0610,34.8
20230601:0710,230.71
20230601:0810,350.16
20230601:0910,501.28
20230601:1010,537.3
20230601:1110,579.64
20230601:1210,696.92
20230601:1310,606.1
20230601:1410,178.29
20230601:1510,207.03
20230601:1610,405.7
20230601:1710,223.76
20230601:1810,62.42
20230601:1910,0.0
20230601:2010,0.0
20230601:2110,0.0
20230601:2210,0.0
20230601:2310,0.0
20230602:0010,0.0
20230602:0110,0.0
20230602:0210,0.0
20230602:0310,0.0
20230602:0410,0.0
20230602:0510,27.33
20230602:0610,109.93
20230602:0710,280.34
20230602:0810,446.15
20230602:0910,581.82
20230602:1010,665.79
20230602:1110,701.14
20230602:1210,768.0
20230602:1310,117.85
20230602:1410,601.28
20230602:1510,550.06
20230602:1610,228.8
20230602:1710,80.52
20230602:1810,7.65
20230602:1910,0.0
20230602:2010,0.0
20230602:2110,0.0
20230602:2210,0.0
20230602:2310,0.0
20230603:0010,0.0
20230603:0110,0.0
20230603:0210,0.0
20230603:0310,0.0
20230603:0410,0.0
20230603:0510,26.91
20230603:0610,109.39
20230603:0710,274.68
20230603:0810,440.49
20230603:0910,585.99
20230603:1010,330.07
20230603:1110,54.31
20230603:1210,63.65
20230603:1310,468.71
20230603:1410,51.7
20230603:1510,89.72
20230603:1610,309.2
20230603:1710,212.19
20230603:1810,23.2
20230603:1910,0.0
20230603:2010,0.0
20230603:2110,0.0
20230603:2210,0.0
20230603:2310,0.0
20230604:0010,0.0
20230604:0110,0.0
20230604:0210,0.0
20230604:0310,0.0
20230604:0410,0.0
20230604:0510,27.18
20230604:0610,107.63
20230604:0710,282.84
20230604:0810,450.78
20230604:0910,491.87
20230604:1010,503.79
20230604:1110,736.73
20230604:1210,724.62
20230604:1310,65.09
20230604:1410,202.93
20230604:1510,256.82
20230604:1610,415.56
20230604:1710,241.42
20230604:1810,66.9
20230604:1910,0.0
20230604:2010,0.0
20230604:2110,0.0
20230604:2210,0.0
20230604:2310,0.0
20230605:0010,0.0
20230605:0110,0.0
20230605:0210,0.0
20230605:0310,0.0
20230605:0410,0.0
20230605:0510,27.06
20230605:0610,110.37
20230605:0710,277.15
20230605:0810,438.86
20230605:0910,568.63
20230605:1010,609.89
20230605:1110,681.15
20230605:1210,761.43
20230605:1310,406.9
20230605:1410,640.89
20230605:1510,472.7
20230605:1610,397.42
20230605:1710,65.45
20230605:1810,12.71
20230605:1910,0.0
20230605:2010,0.0
20230605:2110,0.0
20230605:2210,0.0
20230605:2310,0.0
20230606:0010,0.0
20230606:0110,0.0
20230606:0210,0.0
20230606:0310,0.0
20230606:0410,0.0
20230606:0510,27.85
20230606:0610,107.03
20230606:0710,0.0
20230606:0810,438.19
20230606:0910,580.0
20230606:1010,683.19
20230606:1110,591.35
20230606:1210,769.75
20230606:1310,733.43
20230606:1410,675.09
20230606:1510,558.61
20230606:1610,408.2
20230606:1710,218.85
20230606:1810,65.4
20230606:1910,0.0
20230606:2010,0.0
20230606:2110,0.0
20230606:2210,0.0
20230606:2310,0.0
20230607:0010,0.0
20230607:0110,0.0
20230607:0210,0.0
20230607:0310,0.0
20230607:0410,0.0
20230607:0510,3.69
20230607:0610,100.31
20230607:0710,203.61
20230607:0810,309.76
20230607:0910,389.46
20230607:1010,431.38
20230607:1110,582.36
20230607:1210,505.46
20230607:1310,381.46
20230607:1410,199.02
20230607:1510,191.25
20230607:1610,166.06
20230607:1710,58.55
20230607:1810,17.45
20230607:1910,0.0
20230607:2010,0.0
20230607:2110,0.0
20230607:2210,0.0
20230607:2310,0.0
20230608:0010,0.0
20230608:0110,0.0
20230608:0210,0.0
20230608:0310,0.0
20230608:0410,0.0
20230608:0510,22.53
20230608:0610,107.86
20230608:0710,277.83
20230608:0810,435.32
20230608:0910,557.08
20230608:1010,609.43
20230608:1110,610.28
20230608:1210,735.19
20230608:1310,295.11
20230608:1410,579.13
20230608:1510,325.5
20230608:1610,348.12
20230608:1710,190.83
20230608:1810,64.93
20230608:1910,0.0
20230608:2010,0.0
20230608:2110,0.0
20230608:2210,0.0
20230608:2310,0.0
20230609:0010,0.0
20230609:0110,0.0
20230609:0210,0.0
20230609:0310,0.0
20230609:0410,0.0
20230609:0510,25.11
20230609:0610,59.47
20230609:0710,19.66
20230609:0810,257.63
20230609:0910,239.82
20230609:1010,314.69
20230609:1110,646.86
20230609:1210,736.82
20230609:1310,585.31
20230609:1410,316.71
20230609:1510,546.35
20230609:1610,413.43
20230609:1710,227.41
20230609:1810,67.92
20230609:1910,0.0
20230609:2010,0.0
20230609:2110,0.0
20230609:2210,0.0
20230609:2310,0.0
20230610:0010,0.0
20230610:0110,0.0
20230610:0210,0.0
20230610:0310,0.0
20230610:0410,0.0
20230610:0510,28.35
20230610:0610,106.87
20230610:0710,276.2
20230610:0810,419.5
20230610:0910,554.57
20230610:1010,627.78
20230610:1110,719.23
20230610:1210,751.25
20230610:1310,141.55
20230610:1410,655.65
20230610:1510,366.84
20230610:1610,385.93
20230610:1710,63.84
20230610:1810,71.15
20230610:1910,0.0
20230610:2010,0.0
20230610:2110,0.0
20230610:2210,0.0
20230610:2310,0.0
20230611:0010,0.0
20230611:0110,0.0
20230611:0210,0.0
20230611:0310,0.0
20230611:0410,0.0
20230611:0510,26.05
20230611:0610,95.71
20230611:0710,215.75
20230611:0810,384.91
20230611:0910,488.34
20230611:1010,369.02
20230611:1110,361.86
20230611:1210,569.33
20230611:1310,696.5
20230611:1410,450.62
20230611:1510,502.23
20230611:1610,250.29
20230611:1710,130.55
20230611:1810,9.32
20230611:1910,0.0
20230611:2010,0.0
20230611:2110,0.0
20230611:2210,0.0
20230611:2310,0.0
20230612:0010,0.0
20230612:0110,0.0
20230612:0210,0.0
20230612:0310,0.0
20230612:0410,0.0
20230612:0510,26.01
20230612:0610,106.06
20230612:0710,252.6
20230612:0810,434.37
20230612:0910,0.0
20230612:1010,583.13
20230612:1110,722.92
20230612:1210,764.27
20230612:1310,732.94
20230612:1410,586.84
20230612:1510,235.11
20230612:1610,296.38
20230612:1710,191.97
20230612:1810,50.33
20230612:1910,0.0
20230612:2010,0.0
20230612:2110,0.0
20230612:2210,0.0
20230612:2310,0.0
20230613:0010,0.0
20230613:0110,0.0
20230613:0210,0.0
20230613:0310,0.0
20230613:0410,0.0
20230613:0510,2.58
20230613:0610,39.62
20230613:0710,51.35
20230613:0810,137.85
20230613:0910,86.76
20230613:1010,593.2
20230613:1110,683.61
20230613:1210,625.06
20230613:1310,254.4
20230613:1410,44.32
20230613:1510,35.31
20230613:1610,147.56
20230613:1710,69.71
20230613:1810,25.03
20230613:1910,0.0
20230613:2010,0.0
20230613:2110,0.0
20230613:2210,0.0
20230613:2310,0.0
20230614:0010,0.0
20230614:0110,0.0
20230614:0210,0.0
20230614:0310,0.0
20230614:0410,0.0
20230614:0510,25.41
20230614:0610,76.39
20230614:0710,215.34
20230614:0810,424.89
20230614:0910,500.16
20230614:1010,663.73
20230614:1110,585.3
20230614:1210,589.6
20230614:1310,343.43
20230614:1410,530.46
20230614:1510,375.41
20230614:1610,420.71
20230614:1710,245.6
20230614:1810,71.26
20230614:1910,0.0
20230614:2010,0.0
20230614:2110,0.0
20230614:2210,0.0
20230614:2310,0.0
20230615:0010,0.0
20230615:0110,0.0
20230615:0210,0.0
20230615:0310,0.0
20230615:0410,0.0
20230615:0510,26.75
20230615:0610,91.17
20230615:0710,251.58
20230615:0810,425.64
20230615:0910,545.85
20230615:1010,673.31
20230615:1110,707.01
20230615:1210,756.29
20230615:1310,730.76
20230615:1410,648.31
20230615:1510,555.8
20230615:1610,405.39
20230615:1710,220.38
20230615:1810,68.77
20230615:1910,0.0
20230615:2010,0.0
20230615:2110,0.0
20230615:2210,0.0
20230615:2310,0.0
20230616:0010,0.0
20230616:0110,0.0
20230616:0210,0.0
20230616:0310,0.0
20230616:0410,0.0
20230616:0510,27.56
20230616:0610,108.64
20230616:0710,268.8
20230616:0810,428.79
20230616:0910,572.51
20230616:1010,668.28
20230616:1110,733.87
20230616:1210,748.05
20230616:1310,735.26
20230616:1410,661.1
20230616:1510,310.67
20230616:1610,250.81
20230616:1710,119.03
20230616:1810,50.11
20230616:1910,0.0
20230616:2010,0.0
20230616:2110,0.0
20230616:2210,0.0
20230616:2310,0.0
20230617:0010,0.0
20230617:0110,0.0
20230617:0210,0.0
20230617:0310,0.0
20230617:0410,0.0
20230617:0510,27.45
20230617:0610,104.82
20230617:0710,266.21
20230617:0810,370.92
20230617:0910,573.3
20230617:1010,672.95
20230617:1110,740.33
20230617:1210,761.15
20230617:1310,738.59
20230617:1410,673.17
20230617:1510,562.14
20230617:1610,356.82
20230617:1710,233.21
20230617:1810,65.49
20230617:1910,0.0
20230617:2010,0.0
20230617:2110,0.0
20230617:2210,0.0
20230617:2310,0.0
20230618:0010,0.0
20230618:0110,0.0
20230618:0210,0.0
20230618:0310,0.0
20230618:0410,0.0
20230618:0510,27.48
20230618:0610,103.35
20230618:0710,141.85
20230618:0810,37.72
20230618:0910,40.47
20230618:1010,69.85
20230618:1110,98.53
20230618:1210,151.13
20230618:1310,174.66
20230618:1410,286.12
20230618:1510,226.86
20230618:1610,196.82
20230618:1710,209.81
20230618:1810,73.3
20230618:1910,0.0
20230618:2010,0.0
20230618:2110,0.0
20230618:2210,0.0
20230618:2310,0.0
20230619:0010,0.0
20230619:0110,0.0
20230619:0210,0.0
20230619:0310,0.0
20230619:0410,0.0
20230619:0510,26.7
20230619:0610,104.61
20230619:0710,218.85
20230619:0810,56.48
20230619:0910,156.42
20230619:1010,135.91
20230619:1110,707.3
20230619:1210,722.43
20230619:1310,502.56
20230619:1410,647.56
20230619:1510,506.69
20230619:1610,212.89
20230619:1710,226.89
20230619:1810,72.76
20230619:1910,0.0
20230619:2010,0.0
20230619:2110,0.0
20230619:2210,0.0
20230619:2310,0.0
20230620:0010,0.0
20230620:0110,0.0
20230620:0210,0.0
20230620:0310,0.0
20230620:0410,0.0
20230620:0510,25.84
20230620:0610,104.09
20230620:0710,221.76
20230620:0810,97.41
20230620:0910,248.22
20230620:1010,193.0
20230620:1110,272.35
20230620:1210,388.25
20230620:1310,698.73
20230620:1410,652.21
20230620:1510,507.77
20230620:1610,380.53
20230620:1710,212.21
20230620:1810,74.28
20230620:1910,0.0
20230620:2010,0.0
20230620:2110,0.0
20230620:2210,0.0
20230620:2310,0.0
20230621:0010,0.0
20230621:0110,0.0
20230621:0210,0.0
20230621:0310,0.0
20230621:0410,0.0
20230621:0510,12.53
20230621:0610,105.62
20230621:0710,249.31
20230621:0810,392.59
20230621:0910,502.28
20230621:1010,568.68
20230621:1110,600.57
20230621:1210,642.1
20230621:1310,514.4
20230621:1410,597.61
20230621:1510,547.19
20230621:1610,416.57
20230621:1710,167.59
20230621:1810,69.12
20230621:1910,0.0
20230621:2010,0.0
20230621:2110,0.0
20230621:2210,0.0
20230621:2310,0.0
20230622:0010,0.0
20230622:0110,0.0
20230622:0210,0.0
20230622:0310,0.0
20230622:0410,0.0
20230622:0510,24.95
20230622:0610,105.47
20230622:0710,189.28
20230622:0810,417.9
20230622:0910,557.76
20230622:1010,647.29
20230622:1110,668.9
20230622:1210,731.8
20230622:1310,695.5
20230622:1410,623.18
20230622:1510,481.11
20230622:1610,274.63
20230622:1710,229.94
20230622:1810,77.63
20230622:1910,0.0
20230622:2010,0.0
20230622:2110,0.0
20230622:2210,0.0
20230622:2310,0.0
20230623:0010,0.0
20230623:0110,0.0
20230623:0210,0.0
20230623:0310,0.0
20230623:0410,0.0
20230623:0510,24.27
20230623:0610,101.27
20230623:0710,266.14
20230623:0810,430.27
20230623:0910,532.49
20230623:1010,597.89
20230623:1110,685.98
20230623:1210,706.81
20230623:1310,629.77
20230623:1410,658.71
20230623:1510,558.47
20230623:1610,411.63
20230623:1710,241.65
20230623:1810,77.96
20230623:1910,0.0
20230623:2010,0.0
20230623:2110,0.0
20230623:2210,0.0
20230623:2310,0.0
20230624:0010,0.0
20230624:0110,0.0
20230624:0210,0.0
20230624:0310,0.0
20230624:0410,0.0
20230624:0510,23.63
20230624:0610,103.97
20230624:0710,251.96
20230624:0810,422.06
20230624:0910,559.64
20230624:1010,656.23
20230624:1110,684.82
20230624:1210,672.6
20230624:1310,718.38
20230624:1410,658.85
20230624:1510,558.26
20230624:1610,408.84
20230624:1710,237.72
20230624:1810,77.94
20230624:1910,0.0
20230624:2010,0.0
20230624:2110,0.0
20230624:2210,0.0
20230624:2310,0.0
20230625:0010,0.0
20230625:0110,0.0
20230625:0210,0.0
20230625:0310,0.0
20230625:0410,0.0
20230625:0510,24.3
20230625:0610,99.82
20230625:0710,261.39
20230625:0810,422.74
20230625:0910,561.44
20230625:1010,665.97
20230625:1110,743.93
20230625:1210,754.96
20230625:1310,724.74
20230625:1410,663.83
20230625:1510,558.35
20230625:1610,408.78
20230625:1710,239.94
20230625:1810,78.43
20230625:1910,0.33
20230625:2010,0.0
20230625:2110,0.0
20230625:2210,0.0
20230625:2310,0.0
20230626:0010,0.0
20230626:0110,0.0
20230626:0210,0.0
20230626:0310,0.0
20230626:0410,0.0
20230626:0510,24.93
20230626:0610,98.06
20230626:0710,255.73
20230626:0810,410.33
20230626:0910,553.79
20230626:1010,657.89
20230626:1110,733.26
20230626:1210,749.81
20230626:1310,710.21
20230626:1410,645.87
20230626:1510,542.21
20230626:1610,398.77
20230626:1710,248.71
20230626:1810,69.68
20230626:1910,0.0
20230626:2010,0.0
20230626:2110,0.0
20230626:2210,0.0
20230626:2310,0.0
20230627:0010,0.0
20230627:0110,0.0
20230627:0210,0.0
20230627:0310,0.0
20230627:0410,0.0
20230627:0510,23.94
20230627:0610,100.36
20230627:0710,244.65
20230627:0810,407.48
20230627:0910,468.98
20230627:1010,615.75
20230627:1110,733.49
20230627:1210,748.26
20230627:1310,710.36
20230627:1410,641.79
20230627:1510,361.23
20230627:1610,62.0
20230627:1710,27.95
20230627:1810,20.37
20230627:1910,0.34
20230627:2010,0.0
20230627:2110,0.0
20230627:2210,0.0
20230627:2310,0.0
20230628:0010,0.0
20230628:0110,0.0
20230628:0210,0.0
20230628:0310,0.0
20230628:0410,0.0
20230628:0510,23.29
20230628:0610,100.12
20230628:0710,233.31
20230628:0810,294.36
20230628:0910,495.49
20230628:1010,614.51
20230628:1110,639.71
20230628:1210,712.9
20230628:1310,679.38
20230628:1410,621.2
20230628:1510,513.92
20230628:1610,362.34
20230628:1710,207.1
20230628:1810,12.97
20230628:1910,0.0
20230628:2010,0.0
20230628:2110,0.0
20230628:2210,0.0
20230628:2310,0.0
20230629:0010,0.0
20230629:0110,0.0
20230629:0210,0.0
20230629:0310,0.0
20230629:0410,0.0
20230629:0510,24.04
20230629:0610,99.25
20230629:0710,233.65
20230629:0810,390.24
20230629:0910,497.48
20230629:1010,373.35
20230629:1110,420.57
20230629:1210,452.76
20230629:1310,207.81
20230629:1410,249.76
20230629:1510,91.88
20230629:1610,315.21
20230629:1710,165.79
20230629:1810,41.98
20230629:1910,1.56
20230629:2010,0.0
20230629:2110,0.0
20230629:2210,0.0
20230629:2310,0.0
20230630:0010,0.0
20230630:0110,0.0
20230630:0210,0.0
20230630:0310,0.0
20230630:0410,0.0
20230630:0510,22.87
20230630:0610,81.18
20230630:0710,155.11
20230630:0810,309.98
20230630:0910,546.49
20230630:1010,598.8
20230630:1110,0.0
20230630:1210,573.48
20230630:1310,534.02
20230630:1410,495.73
20230630:1510,542.8
20230630:1610,160.57
20230630:1710,205.57
20230630:1810,61.48
20230630:1910,1.15
20230630:2010,0.0
20230630:2110,0.0
20230630:2210,0.0
20230630:2310,0.0
20230701:0010,0.0
20230701:0110,0.0
20230701:0210,0.0
20230701:0310,0.0
20230701:0410,0.0
20230701:0510,24.35
20230701:0610,96.34
20230701:0710,244.18
20230701:0810,388.15
20230701:0910,562.97
20230701:1010,665.5
20230701:1110,738.8
20230701:1210,741.13
20230701:1310,720.41
20230701:1410,666.57
20230701:1510,568.45
20230701:1610,421.23
20230701:1710,238.43
20230701:1810,82.25
20230701:1910,1.57
20230701:2010,0.0
20230701:2110,0.0
20230701:2210,0.0
20230701:2310,0.0
20230702:0010,0.0
20230702:0110,0.0
20230702:0210,0.0
20230702:0310,0.0
20230702:0410,0.0
20230702:0510,21.51
20230702:0610,93.24
20230702:0710,258.85
20230702:0810,428.51
20230702:0910,566.01
20230702:1010,616.18
20230702:1110,644.67
20230702:1210,715.28
20230702:1310,690.12
20230702:1410,618.15
20230702:1510,534.33
20230702:1610,388.7
20230702:1710,230.08
20230702:1810,79.93
20230702:1910,2.02
20230702:2010,0.0
20230702:2110,0.0
20230702:2210,0.0
20230702:2310,0.0
20230703:0010,0.0
20230703:0110,0.0
20230703:0210,0.0
20230703:0310,0.0
20230703:0410,0.0
20230703:0510,22.06
20230703:0610,92.23
20230703:0710,249.85
20230703:0810,411.23
20230703:0910,543.57
20230703:1010,519.83
20230703:1110,502.18
20230703:1210,486.37
20230703:1310,587.34
20230703:1410,334.92
20230703:1510,55.86
20230703:1610,52.08
20230703:1710,234.32
20230703:1810,77.73
20230703:1910,1.56
20230703:2010,0.0
20230703:2110,0.0
20230703:2210,0.0
20230703:2310,0.0
20230704:0010,0.0
20230704:0110,0.0
20230704:0210,0.0
20230704:0310,0.0
20230704:0410,0.0
20230704:0510,22.75
20230704:0610,95.34
20230704:0710,247.49
20230704:0810,363.64
20230704:0910,297.86
20230704:1010,140.61
20230704:1110,152.75
20230704:1210,349.17
20230704:1310,583.9
20230704:1410,552.14
20230704:1510,381.06
20230704:1610,386.85
20230704:1710,240.63
20230704:1810,78.48
20230704:1910,1.57
20230704:2010,0.0
20230704:2110,0.0
20230704:2210,0.0
20230704:2310,0.0
20230705:0010,0.0
20230705:0110,0.0
20230705:0210,0.0
20230705:0310,0.0
20230705:0410,0.0
20230705:0510,18.68
20230705:0610,85.11
20230705:0710,0.0
20230705:0810,227.44
20230705:0910,106.3
20230705:1010,498.95
20230705:1110,377.96
20230705:1210,206.21
20230705:1310,251.14
20230705:1410,95.64
20230705:1510,227.84
20230705:1610,128.01
20230705:1710,223.92
20230705:1810,63.95
20230705:1910,0.0
20230705:2010,0.0
20230705:2110,0.0
20230705:2210,0.0
20230705:2310,0.0
20230706:0010,0.0
20230706:0110,0.0
20230706:0210,0.0
20230706:0310,0.0
20230706:0410,0.0
20230706:0510,15.21
20230706:0610,94.4
20230706:0710,160.4
20230706:0810,415.21
20230706:0910,517.15
20230706:1010,587.2
20230706:1110,663.69
20230706:1210,665.19
20230706:1310,696.97
20230706:1410,217.07
20230706:1510,328.35
20230706:1610,54.29
20230706:1710,38.54
20230706:1810,3.55
20230706:1910,1.56
20230706:2010,0.0
20230706:2110,0.0
20230706:2210,0.0
20230706:2310,0.0
20230707:0010,0.0
20230707:0110,0.0
20230707:0210,0.0
20230707:0310,0.0
20230707:0410,0.0
20230707:0510,20.86
20230707:0610,93.35
20230707:0710,251.49
20230707:0810,419.04
20230707:0910,581.58
20230707:1010,660.54
20230707:1110,712.24
20230707:1210,282.23
20230707:1310,55.41
20230707:1410,166.8
20230707:1510,425.1
20230707:1610,233.25
20230707:1710,142.19
20230707:1810,77.91
20230707:1910,1.55
20230707:2010,0.0
20230707:2110,0.0
20230707:2210,0.0
20230707:2310,0.0
20230708:0010,0.0
20230708:0110,0.0
20230708:0210,0.0
20230708:0310,0.0
20230708:0410,0.0
20230708:0510,20.06
20230708:0610,88.59
20230708:0710,252.02
20230708:0810,416.81
20230708:0910,541.02
20230708:1010,642.99
20230708:1110,710.41
20230708:1210,742.21
20230708:1310,718.71
20230708:1410,650.93
20230708:1510,557.27
20230708:1610,403.54
20230708:1710,240.73
20230708:1810,79.25
20230708:1910,0.71
20230708:2010,0.0
20230708:2110,0.0
20230708:2210,0.0
20230708:2310,0.0
20230709:0010,0.0
20230709:0110,0.0
20230709:0210,0.0
20230709:0310,0.0
20230709:0410,0.0
20230709:0510,20.66
20230709:0610,88.77
20230709:0710,242.07
20230709:0810,401.59
20230709:0910,526.4
20230709:1010,629.49
20230709:1110,701.5
20230709:1210,730.99
20230709:1310,489.55
20230709:1410,620.17
20230709:1510,529.14
20230709:1610,330.31
20230709:1710,224.61
20230709:1810,77.75
20230709:1910,0.33
20230709:2010,0.0
20230709:2110,0.0
20230709:2210,0.0
20230709:2310,0.0
20230710:0010,0.0
20230710:0110,0.0
20230710:0210,0.0
20230710:0310,0.0
20230710:0410,0.0
20230710:0510,19.04
20230710:0610,88.22
20230710:0710,241.0
20230710:0810,402.07
20230710:0910,527.22
20230710:1010,640.5
20230710:1110,706.44
20230710:1210,731.07
20230710:1310,706.18
20230710:1410,640.02
20230710:1510,539.49
20230710:1610,388.87
20230710:1710,226.61
20230710:1810,75.08
20230710:1910,0.33
20230710:2010,0.0
20230710:2110,0.0
20230710:2210,0.0
20230710:2310,0.0
20230711:0010,0.0
20230711:0110,0.0
20230711:0210,0.0
20230711:0310,0.0
20230711:0410,0.0
20230711:0510,19.16
20230711:0610,90.21
20230711:0710,233.3
20230711:0810,385.34
20230711:0910,519.18
20230711:1010,456.37
20230711:1110,364.71
20230711:1210,728.45
20230711:1310,699.04
20230711:1410,626.93
20230711:1510,534.17
20230711:1610,381.09
20230711:1710,180.12
20230711:1810,54.63
20230711:1910,0.0
20230711:2010,0.0
20230711:2110,0.0
20230711:2210,0.0
20230711:2310,0.0
20230712:0010,0.0
20230712:0110,0.0
20230712:0210,0.0
20230712:0310,0.0
20230712:0410,0.0
20230712:0510,16.98
20230712:0610,88.2
20230712:0710,239.53
20230712:0810,399.1
20230712:0910,504.94
20230712:1010,580.73
20230712:1110,703.9
20230712:1210,677.86
20230712:1310,670.37
20230712:1410,641.56
20230712:1510,456.71
20230712:1610,200.4
20230712:1710,219.6
20230712:1810,13.6
20230712:1910,0.0
20230712:2010,0.0
20230712:2110,0.0
20230712:2210,0.0
20230712:2310,0.0
20230713:0010,0.0
20230713:0110,0.0
20230713:0210,0.0
20230713:0310,0.0
20230713:0410,0.0
20230713:0510,17.73
20230713:0610,83.55
20230713:0710,236.91
20230713:0810,377.23
20230713:0910,481.5
20230713:1010,521.05
20230713:1110,587.02
20230713:1210,749.97
20230713:1310,723.69
20230713:1410,663.64
20230713:1510,558.14
20230713:1610,406.09
20230713:1710,238.87
20230713:1810,65.08
20230713:1910,0.0
20230713:2010,0.0
20230713:2110,0.0
20230713:2210,0.0
20230713:2310,0.0
20230714:0010,0.0
20230714:0110,0.0
20230714:0210,0.0
20230714:0310,0.0
20230714:0410,0.0
20230714:0510,8.72
20230714:0610,84.11
20230714:0710,231.93
20230714:0810,385.45
20230714:0910,503.9
20230714:1010,627.0
20230714:1110,692.92
20230714:1210,691.95
20230714:1310,725.51
20230714:1410,668.35
20230714:1510,563.68
20230714:1610,413.79
20230714:1710,245.53
20230714:1810,78.56
20230714:1910,0.0
20230714:2010,0.0
20230714:2110,0.0
20230714:2210,0.0
20230714:2310,0.0
20230715:0010,0.0
20230715:0110,0.0
20230715:0210,0.0
20230715:0310,0.0
20230715:0410,0.0
20230715:0510,17.18
20230715:0610,86.86
20230715:0710,226.0
20230715:0810,384.48
20230715:0910,511.98
20230715:1010,571.99
20230715:1110,624.94
20230715:1210,728.44
20230715:1310,708.2
20230715:1410,658.38
20230715:1510,559.35
20230715:1610,409.84
20230715:1710,243.18
20230715:1810,77.6
20230715:1910,0.0
20230715:2010,0.0
20230715:2110,0.0
20230715:2210,0.0
20230715:2310,0.0
20230716:0010,0.0
20230716:0110,0.0
20230716:0210,0.0
20230716:0310,0.0
20230716:0410,0.0
20230716:0510,12.42
20230716:0610,84.43
20230716:0710,139.65
20230716:0810,208.4
20230716:0910,459.67
20230716:1010,561.24
20230716:1110,598.4
20230716:1210,693.32
20230716:1310,715.27
20230716:1410,653.27
20230716:1510,552.6
20230716:1610,401.07
20230716:1710,232.32
20230716:1810,73.75
20230716:1910,0.0
20230716:2010,0.0
20230716:2110,0.0
20230716:2210,0.0
20230716:2310,0.0
20230717:0010,0.0
20230717:0110,0.0
20230717:0210,0.0
20230717:0310,0.0
20230717:0410,0.0
20230717:0510,14.44
20230717:0610,69.79
20230717:0710,232.2
20230717:0810,399.71
20230717:0910,536.49
20230717:1010,641.46
20230717:1110,352.8
20230717:1210,648.67
20230717:1310,729.59
20230717:1410,395.57
20230717:1510,408.05
20230717:1610,159.7
20230717:1710,244.51
20230717:1810,77.73
20230717:1910,0.0
20230717:2010,0.0
20230717:2110,0.0
20230717:2210,0.0
20230717:2310,0.0
20230718:0010,0.0
20230718:0110,0.0
20230718:0210,0.0
20230718:0310,0.0
20230718:0410,0.0
20230718:0510,15.18
20230718:0610,79.73
20230718:0710,238.69
20230718:0810,398.94
20230718:0910,531.08
20230718:1010,638.3
20230718:1110,703.96
20230718:1210,729.4
20230718:1310,710.88
20230718:1410,649.56
20230718:1510,550.99
20230718:1610,401.7
20230718:1710,252.39
20230718:1810,70.13
20230718:1910,0.0
20230718:2010,0.0
20230718:2110,0.0
20230718:2210,0.0
20230718:2310,0.0
20230719:0010,0.0
20230719:0110,0.0
20230719:0210,0.0
20230719:0310,0.0
20230719:0410,0.0
20230719:0510,13.63
20230719:0610,77.31
20230719:0710,228.0
20230719:0810,388.2
20230719:0910,509.36
20230719:1010,613.57
20230719:1110,684.73
20230719:1210,711.15
20230719:1310,692.83
20230719:1410,635.02
20230719:1510,524.46
20230719:1610,385.68
20230719:1710,147.48
20230719:1810,67.26
20230719:1910,0.0
20230719:2010,0.0
20230719:2110,0.0
20230719:2210,0.0
20230719:2310,0.0
20230720:0010,0.0
20230720:0110,0.0
20230720:0210,0.0
20230720:0310,0.0
20230720:0410,0.0
20230720:0510,12.97
20230720:0610,79.09
20230720:0710,226.78
20230720:0810,390.61
20230720:0910,524.88
20230720:1010,489.96
20230720:1110,543.56
20230720:1210,723.0
20230720:1310,709.45
20230720:1410,647.8
20230720:1510,541.05
20230720:1610,395.0
20230720:1710,220.85
20230720:1810,67.75
20230720:1910,0.0
20230720:2010,0.0
20230720:2110,0.0
20230720:2210,0.0
20230720:2310,0.0
20230721:0010,0.0
20230721:0110,0.0
20230721:0210,0.0
20230721:0310,0.0
20230721:0410,0.0
20230721:0510,7.99
20230721:0610,58.96
20230721:0710,221.46
20230721:0810,177.5
20230721:0910,298.84
20230721:1010,340.17
20230721:1110,705.76
20230721:1210,706.36
20230721:1310,710.93
20230721:1410,661.05
20230721:1510,555.01
20230721:1610,397.28
20230721:1710,232.7
20230721:1810,40.15
20230721:1910,0.0
20230721:2010,0.0
20230721:2110,0.0
20230721:2210,0.0
20230721:2310,0.0
20230722:0010,0.0
20230722:0110,0.0
20230722:0210,0.0
20230722:0310,0.0
20230722:0410,0.0
20230722:0510,11.17
20230722:0610,73.98
20230722:0710,230.34
20230722:0810,360.81
20230722:0910,224.04
20230722:1010,273.86
20230722:1110,571.45
20230722:1210,654.77
20230722:1310,712.82
20230722:1410,653.57
20230722:1510,548.66
20230722:1610,409.82
20230722:1710,232.72
20230722:1810,73.33
20230722:1910,0.0
20230722:2010,0.0
20230722:2110,0.0
20230722:2210,0.0
20230722:2310,0.0
20230723:0010,0.0
20230723:0110,0.0
20230723:0210,0.0
20230723:0310,0.0
20230723:0410,0.0
20230723:0510,10.6
20230723:0610,74.38
20230723:0710,225.91
20230723:0810,381.71
20230723:0910,526.27
20230723:1010,621.31
20230723:1110,677.43
20230723:1210,709.91
20230723:1310,700.97
20230723:1410,600.0
20230723:1510,539.57
20230723:1610,388.56
20230723:1710,216.17
20230723:1810,58.91
20230723:1910,0.0
20230723:2010,0.0
20230723:2110,0.0
20230723:2210,0.0
20230723:2310,0.0
20230724:0010,0.0
20230724:0110,0.0
20230724:0210,0.0
20230724:0310,0.0
20230724:0410,0.0
20230724:0510,5.69
20230724:0610,5.79
20230724:0710,214.4
20230724:0810,326.22
20230724:0910,455.76
20230724:1010,519.92
20230724:1110,638.64
20230724:1210,699.25
20230724:1310,637.75
20230724:1410,546.4
20230724:1510,295.35
20230724:1610,168.08
20230724:1710,129.38
20230724:1810,46.21
20230724:1910,0.0
20230724:2010,0.0
20230724:2110,0.0
20230724:2210,0.0
20230724:2310,0.0
20230725:0010,0.0
20230725:0110,0.0
20230725:0210,0.0
20230725:0310,0.0
20230725:0410,0.0
20230725:0510,10.49
20230725:0610,70.04
20230725:0710,241.12
20230725:0810,413.67
20230725:0910,550.58
20230725:1010,656.26
20230725:1110,707.3
20230725:1210,736.16
20230725:1310,715.45
20230725:1410,650.06
20230725:1510,548.0
20230725:1610,407.56
20230725:1710,230.18
20230725:1810,68.29
20230725:1910,0.0
20230725:2010,0.0
20230725:2110,0.0
20230725:2210,0.0
20230725:2310,0.0
20230726:0010,0.0
20230726:0110,0.0
20230726:0210,0.0
20230726:0310,0.0
20230726:0410,0.0
20230726:0510,5.18
20230726:0610,61.32
20230726:0710,170.12
20230726:0810,245.06
20230726:0910,477.68
20230726:1010,506.37
20230726:1110,545.25
20230726:1210,574.36
20230726:1310,546.3
20230726:1410,569.28
20230726:1510,483.95
20230726:1610,367.74
20230726:1710,190.46
20230726:1810,36.32
20230726:1910,0.0
20230726:2010,0.0
20230726:2110,0.0
20230726:2210,0.0
20230726:2310,0.0
20230727:0010,0.0
20230727:0110,0.0
20230727:0210,0.0
20230727:0310,0.0
20230727:0410,0.0
20230727:0510,8.8
20230727:0610,67.96
20230727:0710,191.89
20230727:0810,396.36
20230727:0910,454.63
20230727:1010,318.9
20230727:1110,489.53
20230727:1210,635.91
20230727:1310,259.89
20230727:1410,610.95
20230727:1510,529.88
20230727:1610,323.84
20230727:1710,75.72
20230727:1810,8.02
20230727:1910,0.0
20230727:2010,0.0
20230727:2110,0.0
20230727:2210,0.0
20230727:2310,0.0
20230728:0010,0.0
20230728:0110,0.0
20230728:0210,0.0
20230728:0310,0.0
20230728:0410,0.0
20230728:0510,8.07
20230728:0610,66.22
20230728:0710,231.86
20230728:0810,398.93
20230728:0910,526.94
20230728:1010,628.45
20230728:1110,700.93
20230728:1210,725.59
20230728:1310,713.99
20230728:1410,652.45
20230728:1510,548.94
20230728:1610,389.91
20230728:1710,230.54
20230728:1810,63.25
20230728:1910,0.0
20230728:2010,0.0
20230728:2110,0.0
20230728:2210,0.0
20230728:2310,0.0
20230729:0010,0.0
20230729:0110,0.0
20230729:0210,0.0
20230729:0310,0.0
20230729:0410,0.0
20230729:0510,7.45
20230729:0610,65.96
20230729:0710,217.74
20230729:0810,381.07
20230729:0910,517.82
20230729:1010,629.86
20230729:1110,700.17
20230729:1210,735.8
20230729:1310,709.61
20230729:1410,654.43
20230729:1510,551.23
20230729:1610,407.38
20230729:1710,225.76
20230729:1810,59.93
20230729:1910,0.0
20230729:2010,0.0
20230729:2110,0.0
20230729:2210,0.0
20230729:2310,0.0
20230730:0010,0.0
20230730:0110,0.0
20230730:0210,0.0
20230730:0310,0.0
20230730:0410,0.0
20230730:0510,4.04
20230730:0610,64.2
20230730:0710,206.5
20230730:0810,319.86
20230730:0910,364.08
20230730:1010,125.07
20230730:1110,358.56
20230730:1210,452.61
20230730:1310,412.63
20230730:1410,512.54
20230730:1510,540.63
20230730:1610,402.34
20230730:1710,222.94
20230730:1810,59.6
20230730:1910,0.0
20230730:2010,0.0
20230730:2110,0.0
20230730:2210,0.0
20230730:2310,0.0
20230731:0010,0.0
20230731:0110,0.0
20230731:0210,0.0
20230731:0310,0.0
20230731:0410,0.0
20230731:0510,0.75
20230731:0610,37.63
20230731:0710,85.66
20230731:0810,199.01
20230731:0910,389.35
20230731:1010,577.21
20230731:1110,609.59
20230731:1210,729.36
20230731:1310,699.89
20230731:1410,639.58
20230731:1510,479.09
20230731:1610,361.75
20230731:1710,195.25
20230731:1810,58.27
20230731:1910,0.0
20230731:2010,0.0
20230731:2110,0.0
20230731:2210,0.0
20230731:2310,0.0
20230801:0010,0.0
20230801:0110,0.0
20230801:0210,0.0
20230801:0310,0.0
20230801:0410,0.0
20230801:0510,3.0
20230801:0610,66.89
20230801:0710,200.64
20230801:0810,388.65
20230801:0910,523.47
20230801:1010,629.43
20230801:1110,684.95
20230801:1210,717.52
20230801:1310,700.25
20230801:1410,644.99
20230801:1510,546.71
20230801:1610,404.81
20230801:1710,218.56
20230801:1810,56.48
20230801:1910,0.0
20230801:2010,0.0
20230801:2110,0.0
20230801:2210,0.0
20230801:2310,0.0
20230802:0010,0.0
20230802:0110,0.0
20230802:0210,0.0
20230802:0310,0.0
20230802:0410,0.0
20230802:0510,4.57
20230802:0610,58.92
20230802:0710,219.89
20230802:0810,381.45
20230802:0910,523.7
20230802:1010,630.86
20230802:1110,707.51
20230802:1210,732.47
20230802:1310,714.07
20230802:1410,653.96
20230802:1510,545.18
20230802:1610,400.31
20230802:1710,219.58
20230802:1810,54.33
20230802:1910,0.0
20230802:2010,0.0
20230802:2110,0.0
20230802:2210,0.0
20230802:2310,0.0
20230803:0010,0.0
20230803:0110,0.0
20230803:0210,0.0
20230803:0310,0.0
20230803:0410,0.0
20230803:0510,3.51
20230803:0610,44.62
20230803:0710,44.17
20230803:0810,74.28
20230803:0910,53.14
20230803:1010,100.67
20230803:1110,470.15
20230803:1210,661.18
20230803:1310,707.41
20230803:1410,646.43
20230803:1510,523.94
20230803:1610,320.07
20230803:1710,69.5
20230803:1810,50.77
20230803:1910,0.0
20230803:2010,0.0
20230803:2110,0.0
20230803:2210,0.0
20230803:2310,0.0
20230804:0010,0.0
20230804:0110,0.0
20230804:0210,0.0
20230804:0310,0.0
20230804:0410,0.0
20230804:0510,3.6
20230804:0610,57.64
20230804:0710,231.73
20230804:0810,411.07
20230804:0910,547.6
20230804:1010,653.01
20230804:1110,712.86
20230804:1210,640.37
20230804:1310,669.89
20230804:1410,486.68
20230804:1510,485.33
20230804:1610,380.4
20230804:1710,236.94
20230804:1810,55.2
20230804:1910,0.0
20230804:2010,0.0
20230804:2110,0.0
20230804:2210,0.0
20230804:2310,0.0
20230805:0010,0.0
20230805:0110,0.0
20230805:0210,0.0
20230805:0310,0.0
20230805:0410,0.0
20230805:0510,3.12
20230805:0610,56.92
20230805:0710,227.95
20230805:0810,409.27
20230805:0910,546.3
20230805:1010,647.61
20230805:1110,715.67
20230805:1210,736.17
20230805:1310,714.86
20230805:1410,660.08
20230805:1510,552.46
20230805:1610,404.65
20230805:1710,221.94
20230805:1810,53.64
20230805:1910,0.0
20230805:2010,0.0
20230805:2110,0.0
20230805:2210,0.0
20230805:2310,0.0
20230806:0010,0.0
20230806:0110,0.0
20230806:0210,0.0
20230806:0310,0.0
20230806:0410,0.0
20230806:0510,0.77
20230806:0610,59.52
20230806:0710,144.41
20230806:0810,185.62
20230806:0910,239.24
20230806:1010,351.54
20230806:1110,584.23
20230806:1210,395.13
20230806:1310,468.54
20230806:1410,477.19
20230806:1510,326.84
20230806:1610,211.32
20230806:1710,122.32
20230806:1810,20.57
20230806:1910,0.0
20230806:2010,0.0
20230806:2110,0.0
20230806:2210,0.0
20230806:2310,0.0
20230807:0010,0.0
20230807:0110,0.0
20230807:0210,0.0
20230807:0310,0.0
20230807:0410,0.0
20230807:0510,0.76
20230807:0610,63.0
20230807:0710,189.08
20230807:0810,379.34
20230807:0910,530.64
20230807:1010,567.4
20230807:1110,445.96
20230807:1210,535.29
20230807:1310,563.77
20230807:1410,605.35
20230807:1510,532.17
20230807:1610,383.05
20230807:1710,216.19
20230807:1810,37.22
20230807:1910,0.0
20230807:2010,0.0
20230807:2110,0.0
20230807:2210,0.0
20230807:2310,0.0
20230808:0010,0.0
20230808:0110,0.0
20230808:0210,0.0
20230808:0310,0.0
20230808:0410,0.0
20230808:0510,1.18
20230808:0610,55.49
20230808:0710,197.54
20230808:0810,330.92
20230808:0910,482.84
20230808:1010,508.2
20230808:1110,632.18
20230808:1210,603.57
20230808:1310,521.08
20230808:1410,552.81
20230808:1510,419.76
20230808:1610,299.47
20230808:1710,116.62
20230808:1810,45.56
20230808:1910,0.0
20230808:2010,0.0
20230808:2110,0.0
20230808:2210,0.0
20230808:2310,0.0
20230809:0010,0.0
20230809:0110,0.0
20230809:0210,0.0
20230809:0310,0.0
20230809:0410,0.0
20230809:0510,0.38
20230809:0610,53.26
20230809:0710,213.35
20230809:0810,388.19
20230809:0910,531.52
20230809:1010,633.53
20230809:1110,687.81
20230809:1210,713.65
20230809:1310,694.65
20230809:1410,643.86
20230809:1510,532.73
20230809:1610,382.26
20230809:1710,196.79
20230809:1810,40.62
20230809:1910,0.0
20230809:2010,0.0
20230809:2110,0.0
20230809:2210,0.0
20230809:2310,0.0
20230810:0010,0.0
20230810:0110,0.0
20230810:0210,0.0
20230810:0310,0.0
20230810:0410,0.0
20230810:0510,0.0
20230810:0610,59.29
20230810:0710,189.79
20230810:0810,352.68
20230810:0910,496.93
20230810:1010,609.85
20230810:1110,687.57
20230810:1210,716.76
20230810:1310,692.21
20230810:1410,631.34
20230810:1510,418.12
20230810:1610,318.89
20230810:1710,193.38
20230810:1810,41.4
20230810:1910,0.0
20230810:2010,0.0
20230810:2110,0.0
20230810:2210,0.0
20230810:2310,0.0
20230811:0010,0.0
20230811:0110,0.0
20230811:0210,0.0
20230811:0310,0.0
20230811:0410,0.0
20230811:0510,0.0
20230811:0610,50.0
20230811:0710,207.0
20230811:0810,381.77
20230811:0910,521.2
20230811:1010,619.08
20230811:1110,692.92
20230811:1210,715.59
20230811:1310,689.73
20230811:1410,633.68
20230811:1510,526.17
20230811:1610,384.22
20230811:1710,199.29
20230811:1810,40.12
20230811:1910,0.0
20230811:2010,0.0
20230811:2110,0.0
20230811:2210,0.0
20230811:2310,0.0
20230812:0010,0.0
20230812:0110,0.0
20230812:0210,0.0
20230812:0310,0.0
20230812:0410,0.0
20230812:0510,0.0
20230812:0610,50.65
20230812:0710,204.95
20230812:0810,378.22
20230812:0910,521.76
20230812:1010,623.75
20230812:1110,695.57
20230812:1210,721.29
20230812:1310,691.72
20230812:1410,630.51
20230812:1510,525.37
20230812:1610,377.68
20230812:1710,189.58
20230812:1810,26.47
20230812:1910,0.0
20230812:2010,0.0
20230812:2110,0.0
20230812:2210,0.0
20230812:2310,0.0
20230813:0010,0.0
20230813:0110,0.0
20230813:0210,0.0
20230813:0310,0.0
20230813:0410,0.0
20230813:0510,0.0
20230813:0610,49.34
20230813:0710,198.76
20230813:0810,349.99
20230813:0910,513.77
20230813:1010,595.58
20230813:1110,693.67
20230813:1210,716.51
20230813:1310,691.95
20230813:1410,629.3
20230813:1510,523.0
20230813:1610,376.01
20230813:1710,191.68
20230813:1810,33.23
20230813:1910,0.0
20230813:2010,0.0
20230813:2110,0.0
20230813:2210,0.0
20230813:2310,0.0
20230814:0010,0.0
20230814:0110,0.0
20230814:0210,0.0
20230814:0310,0.0
20230814:0410,0.0
20230814:0510,0.0
20230814:0610,47.9
20230814:0710,202.06
20230814:0810,374.74
20230814:0910,518.23
20230814:1010,627.39
20230814:1110,683.36
20230814:1210,718.81
20230814:1310,693.43
20230814:1410,562.73
20230814:1510,516.88
20230814:1610,369.96
20230814:1710,190.9
20230814:1810,31.56
20230814:1910,0.0
20230814:2010,0.0
20230814:2110,0.0
20230814:2210,0.0
20230814:2310,0.0
20230815:0010,0.0
20230815:0110,0.0
20230815:0210,0.0
20230815:0310,0.0
20230815:0410,0.0
20230815:0510,0.0
20230815:0610,48.81
20230815:0710,208.06
20230815:0810,371.63
20230815:0910,512.53
20230815:1010,616.93
20230815:1110,692.08
20230815:1210,717.05
20230815:1310,692.41
20230815:1410,611.5
20230815:1510,523.79
20230815:1610,375.11
20230815:1710,189.98
20230815:1810,30.14
20230815:1910,0.0
20230815:2010,0.0
20230815:2110,0.0
20230815:2210,0.0
20230815:2310,0.0
20230816:0010,0.0
20230816:0110,0.0
20230816:0210,0.0
20230816:0310,0.0
20230816:0410,0.0
20230816:0510,0.0
20230816:0610,52.67
20230816:0710,170.35
20230816:0810,346.88
20230816:0910,357.16
20230816:1010,86.21
20230816:1110,457.43
20230816:1210,220.45
20230816:1310,368.57
20230816:1410,309.59
20230816:1510,411.84
20230816:1610,363.34
20230816:1710,163.59
20230816:1810,2.02
20230816:1910,0.0
20230816:2010,0.0
20230816:2110,0.0
20230816:2210,0.0
20230816:2310,0.0
20230817:0010,0.0
20230817:0110,0.0
20230817:0210,0.0
20230817:0310,0.0
20230817:0410,0.0
20230817:0510,0.0
20230817:0610,46.03
20230817:0710,196.71
20230817:0810,373.79
20230817:0910,521.61
20230817:1010,634.15
20230817:1110,704.46
20230817:1210,723.13
20230817:1310,695.58
20230817:1410,622.65
20230817:1510,520.97
20230817:1610,367.7
20230817:1710,170.2
20230817:1810,6.17
20230817:1910,0.0
20230817:2010,0.0
20230817:2110,0.0
20230817:2210,0.0
20230817:2310,0.0
20230818:0010,0.0
20230818:0110,0.0
20230818:0210,0.0
20230818:0310,0.0
20230818:0410,0.0
20230818:0510,0.0
20230818:0610,45.16
20230818:0710,193.24
20230818:0810,366.01
20230818:0910,508.59
20230818:1010,616.9
20230818:1110,665.1
20230818:1210,306.73
20230818:1310,606.07
20230818:1410,621.02
20230818:1510,515.76
20230818:1610,323.92
20230818:1710,171.8
20230818:1810,29.81
20230818:1910,0.0
20230818:2010,0.0
20230818:2110,0.0
20230818:2210,0.0
20230818:2310,0.0
20230819:0010,0.0
20230819:0110,0.0
20230819:0210,0.0
20230819:0310,0.0
20230819:0410,0.0
20230819:0510,0.0
20230819:0610,42.48
20230819:0710,111.29
20230819:0810,213.06
20230819:0910,502.36
20230819:1010,610.02
20230819:1110,647.64
20230819:1210,698.6
20230819:1310,678.26
20230819:1410,617.43
20230819:1510,508.62
20230819:1610,358.2
20230819:1710,174.78
20230819:1810,20.08
20230819:1910,0.0
20230819:2010,0.0
20230819:2110,0.0
20230819:2210,0.0
20230819:2310,0.0
20230820:0010,0.0
20230820:0110,0.0
20230820:0210,0.0
20230820:0310,0.0
20230820:0410,0.0
20230820:0510,0.0
20230820:0610,43.21
20230820:0710,183.2
20230820:0810,346.25
20230820:0910,486.18
20230820:1010,588.75
20230820:1110,654.13
20230820:1210,675.14
20230820:1310,661.19
20230820:1410,597.23
20230820:1510,487.12
20230820:1610,336.17
20230820:1710,166.9
20230820:1810,18.43
20230820:1910,0.0
20230820:2010,0.0
20230820:2110,0.0
20230820:2210,0.0
20230820:2310,0.0
20230821:0010,0.0
20230821:0110,0.0
20230821:0210,0.0
20230821:0310,0.0
20230821:0410,0.0
20230821:0510,0.0
20230821:0610,41.53
20230821:0710,182.6
20230821:0810,347.02
20230821:0910,491.01
20230821:1010,598.44
20230821:1110,659.23
20230821:1210,682.77
20230821:1310,664.71
20230821:1410,595.83
20230821:1510,491.69
20230821:1610,343.06
20230821:1710,160.63
20230821:1810,15.86
20230821:1910,0.0
20230821:2010,0.0
20230821:2110,0.0
20230821:2210,0.0
20230821:2310,0.0
20230822:0010,0.0
20230822:0110,0.0
20230822:0210,0.0
20230822:0310,0.0
20230822:0410,0.0
20230822:0510,0.0
20230822:0610,39.92
20230822:0710,184.36
20230822:0810,350.85
20230822:0910,492.56
20230822:1010,600.85
20230822:1110,670.25
20230822:1210,689.66
20230822:1310,663.18
20230822:1410,600.27
20230822:1510,490.3
20230822:1610,338.07
20230822:1710,175.66
20230822:1810,14.78
20230822:1910,0.0
20230822:2010,0.0
20230822:2110,0.0
20230822:2210,0.0
20230822:2310,0.0
20230823:0010,0.0
20230823:0110,0.0
20230823:0210,0.0
20230823:0310,0.0
20230823:0410,0.0
20230823:0510,0.0
20230823:0610,39.96
20230823:0710,181.05
20230823:0810,342.19
20230823:0910,479.38
20230823:1010,584.67
20230823:1110,650.44
20230823:1210,668.73
20230823:1310,648.85
20230823:1410,576.55
20230823:1510,438.49
20230823:1610,262.41
20230823:1710,133.69
20230823:1810,5.98
20230823:1910,0.0
20230823:2010,0.0
20230823:2110,0.0
20230823:2210,0.0
20230823:2310,0.0
20230824:0010,0.0
20230824:0110,0.0
20230824:0210,0.0
20230824:0310,0.0
20230824:0410,0.0
20230824:0510,0.0
20230824:0610,38.83
20230824:0710,181.52
20230824:0810,348.4
20230824:0910,493.91
20230824:1010,603.22
20230824:1110,662.18
20230824:1210,676.04
20230824:1310,662.43
20230824:1410,603.47
20230824:1510,492.25
20230824:1610,339.68
20230824:1710,159.97
20230824:1810,12.31
20230824:1910,0.0
20230824:2010,0.0
20230824:2110,0.0
20230824:2210,0.0
20230824:2310,0.0
20230825:0010,0.0
20230825:0110,0.0
20230825:0210,0.0
20230825:0310,0.0
20230825:0410,0.0
20230825:0510,0.0
20230825:0610,37.0
20230825:0710,181.83
20230825:0810,352.41
20230825:0910,506.42
20230825:1010,610.08
20230825:1110,677.47
20230825:1210,699.48
20230825:1310,674.65
20230825:1410,608.23
20230825:1510,495.42
20230825:1610,342.09
20230825:1710,155.15
20230825:1810,10.74
20230825:1910,0.0
20230825:2010,0.0
20230825:2110,0.0
20230825:2210,0.0
20230825:2310,0.0
20230826:0010,0.0
20230826:0110,0.0
20230826:0210,0.0
20230826:0310,0.0
20230826:0410,0.0
20230826:0510,0.0
20230826:0610,35.55
20230826:0710,161.86
20230826:0810,333.3
20230826:0910,306.27
20230826:1010,204.93
20230826:1110,508.64
20230826:1210,65.16
20230826:1310,99.65
20230826:1410,326.14
20230826:1510,39.27
20230826:1610,23.67
20230826:1710,10.4
20230826:1810,0.0
20230826:1910,0.0
20230826:2010,0.0
20230826:2110,0.0
20230826:2210,0.0
20230826:2310,0.0
20230827:0010,0.0
20230827:0110,0.0
20230827:0210,0.0
20230827:0310,0.0
20230827:0410,0.0
20230827:0510,0.0
20230827:0610,7.03
20230827:0710,13.42
20230827:0810,28.37
20230827:0910,37.49
20230827:1010,42.93
20230827:1110,47.6
20230827:1210,119.47
20230827:1310,78.4
20230827:1410,69.36
20230827:1510,130.66
20230827:1610,43.39
20230827:1710,5.9
20230827:1810,8.57
20230827:1910,0.0
20230827:2010,0.0
20230827:2110,0.0
20230827:2210,0.0
20230827:2310,0.0
20230828:0010,0.0
20230828:0110,0.0
20230828:0210,0.0
20230828:0310,0.0
20230828:0410,0.0
20230828:0510,0.0
20230828:0610,33.37
20230828:0710,64.15
20230828:0810,241.03
20230828:0910,453.59
20230828:1010,653.98
20230828:1110,734.49
20230828:1210,736.96
20230828:1310,648.91
20230828:1410,619.17
20230828:1510,200.73
20230828:1610,328.44
20230828:1710,141.06
20230828:1810,7.8
20230828:1910,0.0
20230828:2010,0.0
20230828:2110,0.0
20230828:2210,0.0
20230828:2310,0.0
20230829:0010,0.0
20230829:0110,0.0
20230829:0210,0.0
20230829:0310,0.0
20230829:0410,0.0
20230829:0510,0.0
20230829:0610,33.52
20230829:0710,198.0
20230829:0810,380.63
20230829:0910,531.34
20230829:1010,624.76
20230829:1110,691.23
20230829:1210,713.93
20230829:1310,694.43
20230829:1410,579.1
20230829:1510,337.58
20230829:1610,352.69
20230829:1710,163.34
20230829:1810,6.37
20230829:1910,0.0
20230829:2010,0.0
20230829:2110,0.0
20230829:2210,0.0
20230829:2310,0.0
20230830:0010,0.0
20230830:0110,0.0
20230830:0210,0.0
20230830:0310,0.0
20230830:0410,0.0
20230830:0510,0.0
20230830:0610,36.57
20230830:0710,136.1
20230830:0810,267.62
20230830:0910,380.03
20230830:1010,529.02
20230830:1110,491.64
20230830:1210,578.25
20230830:1310,599.89
20230830:1410,511.45
20230830:1510,385.89
20230830:1610,235.49
20230830:1710,120.68
20230830:1810,4.3
20230830:1910,0.0
20230830:2010,0.0
20230830:2110,0.0
20230830:2210,0.0
20230830:2310,0.0
20230831:0010,0.0
20230831:0110,0.0
20230831:0210,0.0
20230831:0310,0.0
20230831:0410,0.0
20230831:0510,0.0
20230831:0610,34.59
20230831:0710,181.85
20230831:0810,346.8
20230831:0910,512.36
20230831:1010,603.61
20230831:1110,621.3
20230831:1210,648.89
20230831:1310,663.27
20230831:1410,610.22
20230831:1510,497.22
20230831:1610,341.84
20230831:1710,146.72
20230831:1810,2.99
20230831:1910,0.0
20230831:2010,0.0
20230831:2110,0.0
20230831:2210,0.0
20230831:2310,0.0
20230901:0010,0.0
20230901:0110,0.0
20230901:0210,0.0
20230901:0310,0.0
20230901:0410,0.0
20230901:0510,0.0
20230901:0610,34.75
20230901:0710,180.04
20230901:0810,340.71
20230901:0910,454.91
20230901:1010,473.19
20230901:1110,490.19
20230901:1210,624.38
20230901:1310,682.05
20230901:1410,633.91
20230901:1510,496.68
20230901:1610,336.37
20230901:1710,85.89
20230901:1810,1.18
20230901:1910,0.0
20230901:2010,0.0
20230901:2110,0.0
20230901:2210,0.0
20230901:2310,0.0
20230902:0010,0.0
20230902:0110,0.0
20230902:0210,0.0
20230902:0310,0.0
20230902:0410,0.0
20230902:0510,0.0
20230902:0610,28.47
20230902:0710,136.8
20230902:0810,167.49
20230902:0910,285.7
20230902:1010,303.16
20230902:1110,269.23
20230902:1210,277.82
20230902:1310,254.7
20230902:1410,54.95
20230902:1510,119.08
20230902:1610,74.61
20230902:1710,36.19
20230902:1810,0.0
20230902:1910,0.0
20230902:2010,0.0
20230902:2110,0.0
20230902:2210,0.0
20230902:2310,0.0
20230903:0010,0.0
20230903:0110,0.0
20230903:0210,0.0
20230903:0310,0.0
20230903:0410,0.0
20230903:0510,0.0
20230903:0610,1.21
20230903:0710,37.81
20230903:0810,63.97
20230903:0910,203.07
20230903:1010,150.45
20230903:1110,510.69
20230903:1210,447.19
20230903:1310,638.34
20230903:1410,502.75
20230903:1510,460.52
20230903:1610,294.23
20230903:1710,75.44
20230903:1810,0.0
20230903:1910,0.0
20230903:2010,0.0
20230903:2110,0.0
20230903:2210,0.0
20230903:2310,0.0
20230904:0010,0.0
20230904:0110,0.0
20230904:0210,0.0
20230904:0310,0.0
20230904:0410,0.0
20230904:0510,0.0
20230904:0610,32.23
20230904:0710,152.59
20230904:0810,286.65
20230904:0910,454.61
20230904:1010,568.9
20230904:1110,641.38
20230904:1210,653.67
20230904:1310,637.36
20230904:1410,569.96
20230904:1510,440.99
20230904:1610,266.13
20230904:1710,98.74
20230904:1810,0.0
20230904:1910,0.0
20230904:2010,0.0
20230904:2110,0.0
20230904:2210,0.0
20230904:2310,0.0
20230905:0010,0.0
20230905:0110,0.0
20230905:0210,0.0
20230905:0310,0.0
20230905:0410,0.0
20230905:0510,0.0
20230905:0610,30.98
20230905:0710,142.61
20230905:0810,321.12
20230905:0910,477.67
20230905:1010,596.11
20230905:1110,668.27
20230905:1210,684.02
20230905:1310,660.39
20230905:1410,576.49
20230905:1510,447.7
20230905:1610,278.64
20230905:1710,99.19
20230905:1810,0.0
20230905:1910,0.0
20230905:2010,0.0
20230905:2110,0.0
20230905:2210,0.0
20230905:2310,0.0
20230906:0010,0.0
20230906:0110,0.0
20230906:0210,0.0
20230906:0310,0.0
20230906:0410,0.0
20230906:0510,0.0
20230906:0610,30.2
20230906:0710,159.61
20230906:0810,333.21
20230906:0910,487.13
20230906:1010,604.12
20230906:1110,668.68
20230906:1210,691.28
20230906:1310,662.89
20230906:1410,587.61
20230906:1510,466.69
20230906:1610,301.7
20230906:1710,110.88
20230906:1810,0.0
20230906:1910,0.0
20230906:2010,0.0
20230906:2110,0.0
20230906:2210,0.0
20230906:2310,0.0
20230907:0010,0.0
20230907:0110,0.0
20230907:0210,0.0
20230907:0310,0.0
20230907:0410,0.0
20230907:0510,0.0
20230907:0610,26.81
20230907:0710,177.15
20230907:0810,360.2
20230907:0910,508.72
20230907:1010,615.34
20230907:1110,673.76
20230907:1210,686.48
20230907:1310,672.75
20230907:1410,605.3
20230907:1510,482.37
20230907:1610,314.73
20230907:1710,121.7
20230907:1810,0.0
20230907:1910,0.0
20230907:2010,0.0
20230907:2110,0.0
20230907:2210,0.0
20230907:2310,0.0
20230908:0010,0.0
20230908:0110,0.0
20230908:0210,0.0
20230908:0310,0.0
20230908:0410,0.0
20230908:0510,0.0
20230908:0610,25.82
20230908:0710,173.04
20230908:0810,355.56
20230908:0910,508.34
20230908:1010,617.56
20230908:1110,671.55
20230908:1210,684.19
20230908:1310,671.08
20230908:1410,603.32
20230908:1510,474.78
20230908:1610,309.95
20230908:1710,113.04
20230908:1810,0.0
20230908:1910,0.0
20230908:2010,0.0
20230908:2110,0.0
20230908:2210,0.0
20230908:2310,0.0
20230909:0010,0.0
20230909:0110,0.0
20230909:0210,0.0
20230909:0310,0.0
20230909:0410,0.0
20230909:0510,0.0
20230909:0610,24.83
20230909:0710,174.08
20230909:0810,355.86
20230909:0910,504.81
20230909:1010,615.97
20230909:1110,671.59
20230909:1210,688.64
20230909:1310,668.59
20230909:1410,602.14
20230909:1510,475.98
20230909:1610,303.22
20230909:1710,110.27
20230909:1810,0.0
20230909:1910,0.0
20230909:2010,0.0
20230909:2110,0.0
20230909:2210,0.0
20230909:2310,0.0
20230910:0010,0.0
20230910:0110,0.0
20230910:0210,0.0
20230910:0310,0.0
20230910:0410,0.0
20230910:0510,0.0
20230910:0610,25.12
20230910:0710,165.21
20230910:0810,339.61
20230910:0910,492.78
20230910:1010,605.53
20230910:1110,670.62
20230910:1210,685.56
20230910:1310,654.31
20230910:1410,571.71
20230910:1510,458.24
20230910:1610,273.01
20230910:1710,94.94
20230910:1810,0.0
20230910:1910,0.0
20230910:2010,0.0
20230910:2110,0.0
20230910:2210,0.0
20230910:2310,0.0
20230911:0010,0.0
20230911:0110,0.0
20230911:0210,0.0
20230911:0310,0.0
20230911:0410,0.0
20230911:0510,0.0
20230911:0610,22.89
20230911:0710,153.83
20230911:0810,348.99
20230911:0910,410.97
20230911:1010,589.06
20230911:1110,622.6
20230911:1210,623.34
20230911:1310,548.27
20230911:1410,339.11
20230911:1510,422.2
20230911:1610,217.1
20230911:1710,97.78
20230911:1810,0.0
20230911:1910,0.0
20230911:2010,0.0
20230911:2110,0.0
20230911:2210,0.0
20230911:2310,0.0
20230912:0010,0.0
20230912:0110,0.0
20230912:0210,0.0
20230912:0310,0.0
20230912:0410,0.0
20230912:0510,0.0
20230912:0610,20.4
20230912:0710,12.71
20230912:0810,169.86
20230912:0910,259.08
20230912:1010,395.62
20230912:1110,637.11
20230912:1210,634.17
20230912:1310,638.71
20230912:1410,251.62
20230912:1510,45.11
20230912:1610,33.98
20230912:1710,73.63
20230912:1810,0.0
20230912:1910,0.0
20230912:2010,0.0
20230912:2110,0.0
20230912:2210,0.0
20230912:2310,0.0
20230913:0010,0.0
20230913:0110,0.0
20230913:0210,0.0
20230913:0310,0.0
20230913:0410,0.0
20230913:0510,0.0
20230913:0610,22.68
20230913:0710,104.62
20230913:0810,342.23
20230913:0910,480.57
20230913:1010,562.21
20230913:1110,581.87
20230913:1210,515.16
20230913:1310,638.35
20230913:1410,566.21
20230913:1510,427.88
20230913:1610,253.64
20230913:1710,87.48
20230913:1810,0.0
20230913:1910,0.0
20230913:2010,0.0
20230913:2110,0.0
20230913:2210,0.0
20230913:2310,0.0
20230914:0010,0.0
20230914:0110,0.0
20230914:0210,0.0
20230914:0310,0.0
20230914:0410,0.0
20230914:0510,0.0
20230914:0610,21.9
20230914:0710,130.75
20230914:0810,286.87
20230914:0910,482.67
20230914:1010,574.4
20230914:1110,589.25
20230914:1210,538.77
20230914:1310,626.51
20230914:1410,335.21
20230914:1510,329.5
20230914:1610,256.04
20230914:1710,86.79
20230914:1810,0.0
20230914:1910,0.0
20230914:2010,0.0
20230914:2110,0.0
20230914:2210,0.0
20230914:2310,0.0
20230915:0010,0.0
20230915:0110,0.0
20230915:0210,0.0
20230915:0310,0.0
20230915:0410,0.0
20230915:0510,0.0
20230915:0610,19.71
20230915:0710,138.92
20230915:0810,203.55
20230915:0910,341.53
20230915:1010,241.43
20230915:1110,99.84
20230915:1210,47.61
20230915:1310,44.75
20230915:1410,31.93
20230915:1510,21.73
20230915:1610,21.03
20230915:1710,29.77
20230915:1810,0.0
20230915:1910,0.0
20230915:2010,0.0
20230915:2110,0.0
20230915:2210,0.0
20230915:2310,0.0
20230916:0010,0.0
20230916:0110,0.0
20230916:0210,0.0
20230916:0310,0.0
20230916:0410,0.0
20230916:0510,0.0
20230916:0610,19.01
20230916:0710,158.83
20230916:0810,351.2
20230916:0910,487.7
20230916:1010,529.7
20230916:1110,650.84
20230916:1210,620.42
20230916:1310,546.43
20230916:1410,486.33
20230916:1510,387.9
20230916:1610,206.35
20230916:1710,31.78
20230916:1810,0.0
20230916:1910,0.0
20230916:2010,0.0
20230916:2110,0.0
20230916:2210,0.0
20230916:2310,0.0
20230917:0010,0.0
20230917:0110,0.0
20230917:0210,0.0
20230917:0310,0.0
20230917:0410,0.0
20230917:0510,0.0
20230917:0610,19.55
20230917:0710,101.04
20230917:0810,298.34
20230917:0910,248.07
20230917:1010,527.36
20230917:1110,620.2
20230917:1210,631.72
20230917:1310,604.14
20230917:1410,529.43
20230917:1510,405.19
20230917:1610,238.56
20230917:1710,34.55
20230917:1810,0.0
20230917:1910,0.0
20230917:2010,0.0
20230917:2110,0.0
20230917:2210,0.0
20230917:2310,0.0
20230918:0010,0.0
20230918:0110,0.0
20230918:0210,0.0
20230918:0310,0.0
20230918:0410,0.0
20230918:0510,0.0
20230918:0610,16.5
20230918:0710,151.79
20230918:0810,329.75
20230918:0910,482.22
20230918:1010,573.2
20230918:1110,637.79
20230918:1210,651.55
20230918:1310,604.88
20230918:1410,509.19
20230918:1510,434.92
20230918:1610,237.24
20230918:1710,65.51
20230918:1810,0.0
20230918:1910,0.0
20230918:2010,0.0
20230918:2110,0.0
20230918:2210,0.0
20230918:2310,0.0
20230919:0010,0.0
20230919:0110,0.0
20230919:0210,0.0
20230919:0310,0.0
20230919:0410,0.0
20230919:0510,0.0
20230919:0610,15.96
20230919:0710,150.71
20230919:0810,171.52
20230919:0910,384.3
20230919:1010,482.53
20230919:1110,590.81
20230919:1210,448.42
20230919:1310,332.72
20230919:1410,197.94
20230919:1510,80.86
20230919:1610,36.77
20230919:1710,1.64
20230919:1810,0.0
20230919:1910,0.0
20230919:2010,0.0
20230919:2110,0.0
20230919:2210,0.0
20230919:2310,0.0
20230920:0010,0.0
20230920:0110,0.0
20230920:0210,0.0
20230920:0310,0.0
20230920:0410,0.0
20230920:0510,0.0
20230920:0610,5.94
20230920:0710,48.93
20230920:0810,221.82
20230920:0910,392.3
20230920:1010,382.26
20230920:1110,320.72
20230920:1210,313.13
20230920:1310,264.34
20230920:1410,170.31
20230920:1510,91.66
20230920:1610,267.78
20230920:1710,55.44
20230920:1810,0.0
20230920:1910,0.0
20230920:2010,0.0
20230920:2110,0.0
20230920:2210,0.0
20230920:2310,0.0
20230921:0010,0.0
20230921:0110,0.0
20230921:0210,0.0
20230921:0310,0.0
20230921:0410,0.0
20230921:0510,0.0
20230921:0610,13.22
20230921:0710,55.27
20230921:0810,113.7
20230921:0910,225.41
20230921:1010,567.04
20230921:1110,642.84
20230921:1210,664.54
20230921:1310,629.51
20230921:1410,261.58
20230921:1510,327.81
20230921:1610,172.06
20230921:1710,42.14
20230921:1810,0.0
20230921:1910,0.0
20230921:2010,0.0
20230921:2110,0.0
20230921:2210,0.0
20230921:2310,0.0
20230922:0010,0.0
20230922:0110,0.0
20230922:0210,0.0
20230922:0310,0.0
20230922:0410,0.0
20230922:0510,0.0
20230922:0610,10.3
20230922:0710,154.6
20230922:0810,341.26
20230922:0910,499.29
20230922:1010,608.59
20230922:1110,664.78
20230922:1210,672.31
20230922:1310,653.43
20230922:1410,568.71
20230922:1510,436.86
20230922:1610,239.57
20230922:1710,53.88
20230922:1810,0.0
20230922:1910,0.0
20230922:2010,0.0
20230922:2110,0.0
20230922:2210,0.0
20230922:2310,0.0
20230923:0010,0.0
20230923:0110,0.0
20230923:0210,0.0
20230923:0310,0.0
20230923:0410,0.0
20230923:0510,0.0
20230923:0610,11.34
20230923:0710,152.39
20230923:0810,341.07
20230923:0910,486.94
20230923:1010,602.75
20230923:1110,660.23
20230923:1210,605.67
20230923:1310,550.42
20230923:1410,538.52
20230923:1510,431.27
20230923:1610,246.49
20230923:1710,52.66
20230923:1810,0.0
20230923:1910,0.0
20230923:2010,0.0
20230923:2110,0.0
20230923:2210,0.0
20230923:2310,0.0
20230924:0010,0.0
20230924:0110,0.0
20230924:0210,0.0
20230924:0310,0.0
20230924:0410,0.0
20230924:0510,0.0
20230924:0610,10.94
20230924:0710,133.71
20230924:0810,305.48
20230924:0910,483.98
20230924:1010,582.46
20230924:1110,645.49
20230924:1210,640.95
20230924:1310,627.72
20230924:1410,554.24
20230924:1510,424.08
20230924:1610,240.36
20230924:1710,45.26
20230924:1810,0.0
20230924:1910,0.0
20230924:2010,0.0
20230924:2110,0.0
20230924:2210,0.0
20230924:2310,0.0
20230925:0010,0.0
20230925:0110,0.0
20230925:0210,0.0
20230925:0310,0.0
20230925:0410,0.0
20230925:0510,0.0
20230925:0610,9.91
20230925:0710,143.12
20230925:0810,313.01
20230925:0910,484.96
20230925:1010,596.66
20230925:1110,655.2
20230925:1210,648.59
20230925:1310,637.62
20230925:1410,551.16
20230925:1510,413.54
20230925:1610,228.49
20230925:1710,37.51
20230925:1810,0.0
20230925:1910,0.0
20230925:2010,0.0
20230925:2110,0.0
20230925:2210,0.0
20230925:2310,0.0
20230926:0010,0.0
20230926:0110,0.0
20230926:0210,0.0
20230926:0310,0.0
20230926:0410,0.0
20230926:0510,0.0
20230926:0610,10.31
20230926:0710,142.9
20230926:0810,324.89
20230926:0910,480.15
20230926:1010,590.84
20230926:1110,650.7
20230926:1210,656.53
20230926:1310,631.27
20230926:1410,545.18
20230926:1510,407.7
20230926:1610,220.18
20230926:1710,32.48
20230926:1810,0.0
20230926:1910,0.0
20230926:2010,0.0
20230926:2110,0.0
20230926:2210,0.0
20230926:2310,0.0
20230927:0010,0.0
20230927:0110,0.0
20230927:0210,0.0
20230927:0310,0.0
20230927:0410,0.0
20230927:0510,0.0
20230927:0610,9.24
20230927:0710,140.41
20230927:0810,321.37
20230927:0910,469.17
20230927:1010,578.92
20230927:1110,633.62
20230927:1210,654.08
20230927:1310,625.93
20230927:1410,540.04
20230927:1510,401.67
20230927:1610,216.44
20230927:1710,29.21
20230927:1810,0.0
20230927:1910,0.0
20230927:2010,0.0
20230927:2110,0.0
20230927:2210,0.0
20230927:2310,0.0
20230928:0010,0.0
20230928:0110,0.0
20230928:0210,0.0
20230928:0310,0.0
20230928:0410,0.0
20230928:0510,0.0
20230928:0610,2.12
20230928:0710,117.78
20230928:0810,323.37
20230928:0910,441.73
20230928:1010,575.93
20230928:1110,632.2
20230928:1210,644.14
20230928:1310,616.86
20230928:1410,530.43
20230928:1510,388.07
20230928:1610,185.54
20230928:1710,24.08
20230928:1810,0.0
20230928:1910,0.0
20230928:2010,0.0
20230928:2110,0.0
20230928:2210,0.0
20230928:2310,0.0
20230929:0010,0.0
20230929:0110,0.0
20230929:0210,0.0
20230929:0310,0.0
20230929:0410,0.0
20230929:0510,0.0
20230929:0610,7.63
20230929:0710,133.13
20230929:0810,307.9
20230929:0910,456.31
20230929:1010,563.51
20230929:1110,622.28
20230929:1210,632.13
20230929:1310,604.49
20230929:1410,514.4
20230929:1510,381.47
20230929:1610,199.39
20230929:1710,19.59
20230929:1810,0.0
20230929:1910,0.0
20230929:2010,0.0
20230929:2110,0.0
20230929:2210,0.0
20230929:2310,0.0
20230930:0010,0.0
20230930:0110,0.0
20230930:0210,0.0
20230930:0310,0.0
20230930:0410,0.0
20230930:0510,0.0
20230930:0610,7.0
20230930:0710,131.43
20230930:0810,305.24
20230930:0910,452.45
20230930:1010,566.43
20230930:1110,619.95
20230930:1210,630.28
20230930:1310,607.25
20230930:1410,517.69
20230930:1510,385.57
20230930:1610,200.85
20230930:1710,18.59
20230930:1810,0.0
20230930:1910,0.0
20230930:2010,0.0
20230930:2110,0.0
20230930:2210,0.0
20230930:2310,0.0
20231001:0010,0.0
20231001:0110,0.0
20231001:0210,0.0
20231001:0310,0.0
20231001:0410,0.0
20231001:0510,0.0
20231001:0610,5.85
20231001:0710,131.06
20231001:0810,304.26
20231001:0910,462.16
20231001:1010,566.74
20231001:1110,614.6
20231001:1210,631.04
20231001:1310,604.52
20231001:1410,519.85
20231001:1510,385.39
20231001:1610,201.9
20231001:1710,15.21
20231001:1810,0.0
20231001:1910,0.0
20231001:2010,0.0
20231001:2110,0.0
20231001:2210,0.0
20231001:2310,0.0
20231002:0010,0.0
20231002:0110,0.0
20231002:0210,0.0
20231002:0310,0.0
20231002:0410,0.0
20231002:0510,0.0
20231002:0610,2.12
20231002:0710,74.65
20231002:0810,171.71
20231002:0910,302.08
20231002:1010,405.84
20231002:1110,549.71
20231002:1210,408.34
20231002:1310,566.03
20231002:1410,511.94
20231002:1510,385.89
20231002:1610,198.6
20231002:1710,15.03
20231002:1810,0.0
20231002:1910,0.0
20231002:2010,0.0
20231002:2110,0.0
20231002:2210,0.0
20231002:2310,0.0
20231003:0010,0.0
20231003:0110,0.0
20231003:0210,0.0
20231003:0310,0.0
20231003:0410,0.0
20231003:0510,0.0
20231003:0610,3.61
20231003:0710,130.13
20231003:0810,304.41
20231003:0910,350.42
20231003:1010,471.25
20231003:1110,400.39
20231003:1210,398.45
20231003:1310,389.17
20231003:1410,481.5
20231003:1510,346.32
20231003:1610,188.12
20231003:1710,8.59
20231003:1810,0.0
20231003:1910,0.0
20231003:2010,0.0
20231003:2110,0.0
20231003:2210,0.0
20231003:2310,0.0
20231004:0010,0.0
20231004:0110,0.0
20231004:0210,0.0
20231004:0310,0.0
20231004:0410,0.0
20231004:0510,0.0
20231004:0610,3.05
20231004:0710,107.47
20231004:0810,291.53
20231004:0910,451.5
20231004:1010,565.39
20231004:1110,619.56
20231004:1210,615.27
20231004:1310,601.68
20231004:1410,508.81
20231004:1510,370.76
20231004:1610,183.45
20231004:1710,5.83
20231004:1810,0.0
20231004:1910,0.0
20231004:2010,0.0
20231004:2110,0.0
20231004:2210,0.0
20231004:2310,0.0
20231005:0010,0.0
20231005:0110,0.0
20231005:0210,0.0
20231005:0310,0.0
20231005:0410,0.0
20231005:0510,0.0
20231005:0610,2.57
20231005:0710,94.09
20231005:0810,253.43
20231005:0910,321.56
20231005:1010,519.94
20231005:1110,409.55
20231005:1210,511.17
20231005:1310,388.26
20231005:1410,421.66
20231005:1510,194.82
20231005:1610,102.21
20231005:1710,0.03
20231005:1810,0.0
20231005:1910,0.0
20231005:2010,0.0
20231005:2110,0.0
20231005:2210,0.0
20231005:2310,0.0
20231006:0010,0.0
20231006:0110,0.0
20231006:0210,0.0
20231006:0310,0.0
20231006:0410,0.0
20231006:0510,0.0
20231006:0610,2.09
20231006:0710,117.3
20231006:0810,290.91
20231006:0910,432.22
20231006:1010,545.14
20231006:1110,557.34
20231006:1210,496.67
20231006:1310,555.07
20231006:1410,459.23
20231006:1510,345.25
20231006:1610,169.3
20231006:1710,1.18
20231006:1810,0.0
20231006:1910,0.0
20231006:2010,0.0
20231006:2110,0.0
20231006:2210,0.0
20231006:2310,0.0
20231007:0010,0.0
20231007:0110,0.0
20231007:0210,0.0
20231007:0310,0.0
20231007:0410,0.0
20231007:0510,0.0
20231007:0610,1.18
20231007:0710,103.26
20231007:0810,221.55
20231007:0910,394.11
20231007:1010,548.74
20231007:1110,598.29
20231007:1210,449.92
20231007:1310,570.39
20231007:1410,486.92
20231007:1510,328.56
20231007:1610,138.1
20231007:1710,0.38
20231007:1810,0.0
20231007:1910,0.0
20231007:2010,0.0
20231007:2110,0.0
20231007:2210,0.0
20231007:2310,0.0
20231008:0010,0.0
20231008:0110,0.0
20231008:0210,0.0
20231008:0310,0.0
20231008:0410,0.0
20231008:0510,0.0
20231008:0610,0.03
20231008:0710,97.59
20231008:0810,220.84
20231008:0910,442.99
20231008:1010,555.34
20231008:1110,612.3
20231008:1210,630.81
20231008:1310,589.48
20231008:1410,498.72
20231008:1510,363.11
20231008:1610,172.02
20231008:1710,0.0
20231008:1810,0.0
20231008:1910,0.0
20231008:2010,0.0
20231008:2110,0.0
20231008:2210,0.0
20231008:2310,0.0
20231009:0010,0.0
20231009:0110,0.0
20231009:0210,0.0
20231009:0310,0.0
20231009:0410,0.0
20231009:0510,0.0
20231009:0610,0.03
20231009:0710,115.01
20231009:0810,292.33
20231009:0910,445.56
20231009:1010,554.18
20231009:1110,608.67
20231009:1210,629.45
20231009:1310,585.18
20231009:1410,495.02
20231009:1510,354.22
20231009:1610,165.92
20231009:1710,0.0
20231009:1810,0.0
20231009:1910,0.0
20231009:2010,0.0
20231009:2110,0.0
20231009:2210,0.0
20231009:2310,0.0
20231010:0010,0.0
20231010:0110,0.0
20231010:0210,0.0
20231010:0310,0.0
20231010:0410,0.0
20231010:0510,0.0
20231010:0610,0.0
20231010:0710,115.18
20231010:0810,292.06
20231010:0910,440.62
20231010:1010,551.63
20231010:1110,610.52
20231010:1210,629.26
20231010:1310,586.57
20231010:1410,489.09
20231010:1510,351.88
20231010:1610,163.52
20231010:1710,0.0
20231010:1810,0.0
20231010:1910,0.0
20231010:2010,0.0
20231010:2110,0.0
20231010:2210,0.0
20231010:2310,0.0
20231011:0010,0.0
20231011:0110,0.0
20231011:0210,0.0
20231011:0310,0.0
20231011:0410,0.0
20231011:0510,0.0
20231011:0610,0.0
20231011:0710,112.69
20231011:0810,293.51
20231011:0910,442.37
20231011:1010,552.58
20231011:1110,602.01
20231011:1210,626.34
20231011:1310,587.45
20231011:1410,493.16
20231011:1510,356.6
20231011:1610,161.3
20231011:1710,0.0
20231011:1810,0.0
20231011:1910,0.0
20231011:2010,0.0
20231011:2110,0.0
20231011:2210,0.0
20231011:2310,0.0
20231012:0010,0.0
20231012:0110,0.0
20231012:0210,0.0
20231012:0310,0.0
20231012:0410,0.0
20231012:0510,0.0
20231012:0610,0.0
20231012:0710,110.52
20231012:0810,291.22
20231012:0910,442.73
20231012:1010,548.98
20231012:1110,605.97
20231012:1210,625.05
20231012:1310,581.02
20231012:1410,486.59
20231012:1510,351.07
20231012:1610,156.03
20231012:1710,0.0
20231012:1810,0.0
20231012:1910,0.0
20231012:2010,0.0
20231012:2110,0.0
20231012:2210,0.0
20231012:2310,0.0
20231013:0010,0.0
20231013:0110,0.0
20231013:0210,0.0
20231013:0310,0.0
20231013:0410,0.0
20231013:0510,0.0
20231013:0610,0.0
20231013:0710,106.67
20231013:0810,286.99
20231013:0910,439.23
20231013:1010,549.14
20231013:1110,607.04
20231013:1210,630.99
20231013:1310,586.41
20231013:1410,492.17
20231013:1510,340.14
20231013:1610,149.29
20231013:1710,0.0
20231013:1810,0.0
20231013:1910,0.0
20231013:2010,0.0
20231013:2110,0.0
20231013:2210,0.0
20231013:2310,0.0
20231014:0010,0.0
20231014:0110,0.0
20231014:0210,0.0
20231014:0310,0.0
20231014:0410,0.0
20231014:0510,0.0
20231014:0610,0.0
20231014:0710,55.29
20231014:0810,198.11
20231014:0910,269.96
20231014:1010,423.58
20231014:1110,429.17
20231014:1210,574.63
20231014:1310,527.06
20231014:1410,449.96
20231014:1510,299.49
20231014:1610,158.66
20231014:1710,0.0
20231014:1810,0.0
20231014:1910,0.0
20231014:2010,0.0
20231014:2110,0.0
20231014:2210,0.0
20231014:2310,0.0
20231015:0010,0.0
20231015:0110,0.0
20231015:0210,0.0
20231015:0310,0.0
20231015:0410,0.0
20231015:0510,0.0
20231015:0610,0.0
20231015:0710,63.62
20231015:0810,237.79
20231015:0910,387.13
20231015:1010,308.86
20231015:1110,372.0
20231015:1210,50.7
20231015:1310,73.78
20231015:1410,216.61
20231015:1510,52.49
20231015:1610,19.17
20231015:1710,0.0
20231015:1810,0.0
20231015:1910,0.0
20231015:2010,0.0
20231015:2110,0.0
20231015:2210,0.0
20231015:2310,0.0
20231016:0010,0.0
20231016:0110,0.0
20231016:0210,0.0
20231016:0310,0.0
20231016:0410,0.0
20231016:0510,0.0
20231016:0610,0.0
20231016:0710,27.19
20231016:0810,57.38
20231016:0910,37.04
20231016:1010,57.36
20231016:1110,179.61
20231016:1210,156.65
20231016:1310,195.65
20231016:1410,169.33
20231016:1510,58.6
20231016:1610,45.78
20231016:1710,0.0
20231016:1810,0.0
20231016:1910,0.0
20231016:2010,0.0
20231016:2110,0.0
20231016:2210,0.0
20231016:2310,0.0
20231017:0010,0.0
20231017:0110,0.0
20231017:0210,0.0
20231017:0310,0.0
20231017:0410,0.0
20231017:0510,0.0
20231017:0610,0.0
20231017:0710,66.22
20231017:0810,189.8
20231017:0910,381.7
20231017:1010,443.1
20231017:1110,414.44
20231017:1210,440.93
20231017:1310,304.16
20231017:1410,231.92
20231017:1510,153.83
20231017:1610,34.69
20231017:1710,0.0
20231017:1810,0.0
20231017:1910,0.0
20231017:2010,0.0
20231017:2110,0.0
20231017:2210,0.0
20231017:2310,0.0
20231018:0010,0.0
20231018:0110,0.0
20231018:0210,0.0
20231018:0310,0.0
20231018:0410,0.0
20231018:0510,0.0
20231018:0610,0.0
20231018:0710,65.77
20231018:0810,240.14
20231018:0910,305.34
20231018:1010,352.73
20231018:1110,539.08
20231018:1210,162.9
20231018:1310,26.97
20231018:1410,445.38
20231018:1510,297.01
20231018:1610,76.08
20231018:1710,0.0
20231018:1810,0.0
20231018:1910,0.0
20231018:2010,0.0
20231018:2110,0.0
20231018:2210,0.0
20231018:2310,0.0
20231019:0010,0.0
20231019:0110,0.0
20231019:0210,0.0
20231019:0310,0.0
20231019:0410,0.0
20231019:0510,0.0
20231019:0610,0.0
20231019:0710,38.45
20231019:0810,268.52
20231019:0910,193.02
20231019:1010,61.8
20231019:1110,515.19
20231019:1210,231.74
20231019:1310,329.84
20231019:1410,66.8
20231019:1510,70.56
20231019:1610,16.84
20231019:1710,0.0
20231019:1810,0.0
20231019:1910,0.0
20231019:2010,0.0
20231019:2110,0.0
20231019:2210,0.0
20231019:2310,0.0
20231020:0010,0.0
20231020:0110,0.0
20231020:0210,0.0
20231020:0310,0.0
20231020:0410,0.0
20231020:0510,0.0
20231020:0610,0.0
20231020:0710,92.81
20231020:0810,279.25
20231020:0910,441.52
20231020:1010,543.88
20231020:1110,580.75
20231020:1210,419.49
20231020:1310,278.86
20231020:1410,466.59
20231020:1510,342.67
20231020:1610,128.22
20231020:1710,0.0
20231020:1810,0.0
20231020:1910,0.0
20231020:2010,0.0
20231020:2110,0.0
20231020:2210,0.0
20231020:2310,0.0
20231021:0010,0.0
20231021:0110,0.0
20231021:0210,0.0
20231021:0310,0.0
20231021:0410,0.0
20231021:0510,0.0
20231021:0610,0.0
20231021:0710,93.63
20231021:0810,277.2
20231021:0910,434.52
20231021:1010,532.34
20231021:1110,614.67
20231021:1210,556.0
20231021:1310,560.48
20231021:1410,477.74
20231021:1510,307.46
20231021:1610,65.79
20231021:1710,0.0
20231021:1810,0.0
20231021:1910,0.0
20231021:2010,0.0
20231021:2110,0.0
20231021:2210,0.0
20231021:2310,0.0
20231022:0010,0.0
20231022:0110,0.0
20231022:0210,0.0
20231022:0310,0.0
20231022:0410,0.0
20231022:0510,0.0
20231022:0610,0.0
20231022:0710,62.86
20231022:0810,127.84
20231022:0910,257.76
20231022:1010,530.92
20231022:1110,581.87
20231022:1210,524.76
20231022:1310,364.05
20231022:1410,291.91
20231022:1510,73.41
20231022:1610,85.18
20231022:1710,0.0
20231022:1810,0.0
20231022:1910,0.0
20231022:2010,0.0
20231022:2110,0.0
20231022:2210,0.0
20231022:2310,0.0
20231023:0010,0.0
20231023:0110,0.0
20231023:0210,0.0
20231023:0310,0.0
20231023:0410,0.0
20231023:0510,0.0
20231023:0610,0.0
20231023:0710,48.65
20231023:0810,146.62
20231023:0910,329.99
20231023:1010,374.01
20231023:1110,348.84
20231023:1210,528.04
20231023:1310,526.71
20231023:1410,319.21
20231023:1510,190.57
20231023:1610,73.53
20231023:1710,0.0
20231023:1810,0.0
20231023:1910,0.0
20231023:2010,0.0
20231023:2110,0.0
20231023:2210,0.0
20231023:2310,0.0
20231024:0010,0.0
20231024:0110,0.0
20231024:0210,0.0
20231024:0310,0.0
20231024:0410,0.0
20231024:0510,0.0
20231024:0610,0.0
20231024:0710,84.03
20231024:0810,266.08
20231024:0910,429.7
20231024:1010,542.42
20231024:1110,594.77
20231024:1210,604.64
20231024:1310,552.53
20231024:1410,454.69
20231024:1510,325.44
20231024:1610,97.53
20231024:1710,0.0
20231024:1810,0.0
20231024:1910,0.0
20231024:2010,0.0
20231024:2110,0.0
20231024:2210,0.0
20231024:2310,0.0
20231025:0010,0.0
20231025:0110,0.0
20231025:0210,0.0
20231025:0310,0.0
20231025:0410,0.0
20231025:0510,0.0
20231025:0610,0.0
20231025:0710,78.07
20231025:0810,257.49
20231025:0910,414.86
20231025:1010,529.27
20231025:1110,445.36
20231025:1210,340.67
20231025:1310,355.18
20231025:1410,99.43
20231025:1510,159.65
20231025:1610,41.82
20231025:1710,0.0
20231025:1810,0.0
20231025:1910,0.0
20231025:2010,0.0
20231025:2110,0.0
20231025:2210,0.0
20231025:2310,0.0
20231026:0010,0.0
20231026:0110,0.0
20231026:0210,0.0
20231026:0310,0.0
20231026:0410,0.0
20231026:0510,0.0
20231026:0610,0.0
20231026:0710,31.81
20231026:0810,117.58
20231026:0910,274.43
20231026:1010,157.26
20231026:1110,452.64
20231026:1210,460.38
20231026:1310,365.97
20231026:1410,432.33
20231026:1510,81.95
20231026:1610,38.4
20231026:1710,0.0
20231026:1810,0.0
20231026:1910,0.0
20231026:2010,0.0
20231026:2110,0.0
20231026:2210,0.0
20231026:2310,0.0
20231027:0010,0.0
20231027:0110,0.0
20231027:0210,0.0
20231027:0310,0.0
20231027:0410,0.0
20231027:0510,0.0
20231027:0610,0.0
20231027:0710,45.25
20231027:0810,219.62
20231027:0910,435.88
20231027:1010,528.88
20231027:1110,589.4
20231027:1210,614.37
20231027:1310,562.27
20231027:1410,454.16
20231027:1510,287.51
20231027:1610,98.13
20231027:1710,0.0
20231027:1810,0.0
20231027:1910,0.0
20231027:2010,0.0
20231027:2110,0.0
20231027:2210,0.0
20231027:2310,0.0
20231028:0010,0.0
20231028:0110,0.0
20231028:0210,0.0
20231028:0310,0.0
20231028:0410,0.0
20231028:0510,0.0
20231028:0610,0.0
20231028:0710,69.8
20231028:0810,249.6
20231028:0910,407.11
20231028:1010,508.21
20231028:1110,570.53
20231028:1210,598.94
20231028:1310,546.18
20231028:1410,454.75
20231028:1510,277.59
20231028:1610,77.16
20231028:1710,0.0
20231028:1810,0.0
20231028:1910,0.0
20231028:2010,0.0
20231028:2110,0.0
20231028:2210,0.0
20231028:2310,0.0
20231029:0010,0.0
20231029:0110,0.0
20231029:0210,0.0
20231029:0310,0.0
20231029:0410,0.0
20231029:0510,0.0
20231029:0610,0.0
20231029:0710,69.16
20231029:0810,232.93
20231029:0910,345.66
20231029:1010,505.99
20231029:1110,504.44
20231029:1210,586.84
20231029:1310,384.37
20231029:1410,402.49
20231029:1510,168.78
20231029:1610,31.63
20231029:1710,0.0
20231029:1810,0.0
20231029:1910,0.0
20231029:2010,0.0
20231029:2110,0.0
20231029:2210,0.0
20231029:2310,0.0
20231030:0010,0.0
20231030:0110,0.0
20231030:0210,0.0
20231030:0310,0.0
20231030:0410,0.0
20231030:0510,0.0
20231030:0610,0.0
20231030:0710,14.55
20231030:0810,48.25
20231030:0910,90.51
20231030:1010,399.47
20231030:1110,553.94
20231030:1210,569.33
20231030:1310,24.11
20231030:1410,445.27
20231030:1510,301.48
20231030:1610,16.67
20231030:1710,0.0
20231030:1810,0.0
20231030:1910,0.0
20231030:2010,0.0
20231030:2110,0.0
20231030:2210,0.0
20231030:2310,0.0
20231031:0010,0.0
20231031:0110,0.0
20231031:0210,0.0
20231031:0310,0.0
20231031:0410,0.0
20231031:0510,0.0
20231031:0610,0.0
20231031:0710,54.03
20231031:0810,229.59
20231031:0910,375.5
20231031:1010,489.46
20231031:1110,571.83
20231031:1210,554.89
20231031:1310,351.53
20231031:1410,185.97
20231031:1510,102.86
20231031:1610,21.23
20231031:1710,0.0
20231031:1810,0.0
20231031:1910,0.0
20231031:2010,0.0
20231031:2110,0.0
20231031:2210,0.0
20231031:2310,0.0
20231101:0010,0.0
20231101:0110,0.0
20231101:0210,0.0
20231101:0310,0.0
20231101:0410,0.0
20231101:0510,0.0
20231101:0610,0.0
20231101:0710,63.74
20231101:0810,251.74
20231101:0910,350.42
20231101:1010,223.92
20231101:1110,564.42
20231101:1210,604.89
20231101:1310,389.35
20231101:1410,297.63
20231101:1510,103.03
20231101:1610,55.22
20231101:1710,0.0
20231101:1810,0.0
20231101:1910,0.0
20231101:2010,0.0
20231101:2110,0.0
20231101:2210,0.0
20231101:2310,0.0
20231102:0010,0.0
20231102:0110,0.0
20231102:0210,0.0
20231102:0310,0.0
20231102:0410,0.0
20231102:0510,0.0
20231102:0610,0.0
20231102:0710,33.43
20231102:0810,251.29
20231102:0910,34.56
20231102:1010,63.34
20231102:1110,46.7
20231102:1210,302.28
20231102:1310,218.45
20231102:1410,31.13
20231102:1510,18.57
20231102:1610,1.71
20231102:1710,0.0
20231102:1810,0.0
20231102:1910,0.0
20231102:2010,0.0
20231102:2110,0.0
20231102:2210,0.0
20231102:2310,0.0
20231103:0010,0.0
20231103:0110,0.0
20231103:0210,0.0
20231103:0310,0.0
20231103:0410,0.0
20231103:0510,0.0
20231103:0610,0.0
20231103:0710,62.12
20231103:0810,247.66
20231103:0910,424.48
20231103:1010,537.52
20231103:1110,579.36
20231103:1210,579.73
20231103:1310,539.99
20231103:1410,285.82
20231103:1510,279.6
20231103:1610,63.59
20231103:1710,0.0
20231103:1810,0.0
20231103:1910,0.0
20231103:2010,0.0
20231103:2110,0.0
20231103:2210,0.0
20231103:2310,0.0
20231104:0010,0.0
20231104:0110,0.0
20231104:0210,0.0
20231104:0310,0.0
20231104:0410,0.0
20231104:0510,0.0
20231104:0610,0.0
20231104:0710,16.27
20231104:0810,24.89
20231104:0910,84.12
20231104:1010,356.04
20231104:1110,549.0
20231104:1210,495.74
20231104:1310,479.0
20231104:1410,415.67
20231104:1510,252.99
20231104:1610,61.11
20231104:1710,0.0
20231104:1810,0.0
20231104:1910,0.0
20231104:2010,0.0
20231104:2110,0.0
20231104:2210,0.0
20231104:2310,0.0
20231105:0010,0.0
20231105:0110,0.0
20231105:0210,0.0
20231105:0310,0.0
20231105:0410,0.0
20231105:0510,0.0
20231105:0610,0.0
20231105:0710,53.41
20231105:0810,236.08
20231105:0910,405.38
20231105:1010,523.72
20231105:1110,594.95
20231105:1210,601.51
20231105:1310,546.01
20231105:1410,434.47
20231105:1510,262.27
20231105:1610,54.06
20231105:1710,0.0
20231105:1810,0.0
20231105:1910,0.0
20231105:2010,0.0
20231105:2110,0.0
20231105:2210,0.0
20231105:2310,0.0
20231106:0010,0.0
20231106:0110,0.0
20231106:0210,0.0
20231106:0310,0.0
20231106:0410,0.0
20231106:0510,0.0
20231106:0610,0.0
20231106:0710,51.16
20231106:0810,233.49
20231106:0910,403.6
20231106:1010,519.45
20231106:1110,582.17
20231106:1210,591.14
20231106:1310,527.66
20231106:1410,422.34
20231106:1510,253.79
20231106:1610,48.84
20231106:1710,0.0
20231106:1810,0.0
20231106:1910,0.0
20231106:2010,0.0
20231106:2110,0.0
20231106:2210,0.0
20231106:2310,0.0
20231107:0010,0.0
20231107:0110,0.0
20231107:0210,0.0
20231107:0310,0.0
20231107:0410,0.0
20231107:0510,0.0
20231107:0610,0.0
20231107:0710,47.27
20231107:0810,227.35
20231107:0910,395.97
20231107:1010,507.4
20231107:1110,585.13
20231107:1210,595.11
20231107:1310,539.54
20231107:1410,428.24
20231107:1510,260.6
20231107:1610,44.2
20231107:1710,0.0
20231107:1810,0.0
20231107:1910,0.0
20231107:2010,0.0
20231107:2110,0.0
20231107:2210,0.0
20231107:2310,0.0
20231108:0010,0.0
20231108:0110,0.0
20231108:0210,0.0
20231108:0310,0.0
20231108:0410,0.0
20231108:0510,0.0
20231108:0610,0.0
20231108:0710,43.67
20231108:0810,225.06
20231108:0910,383.18
20231108:1010,502.01
20231108:1110,564.59
20231108:1210,572.04
20231108:1310,525.33
20231108:1410,418.82
20231108:1510,252.8
20231108:1610,37.44
20231108:1710,0.0
20231108:1810,0.0
20231108:1910,0.0
20231108:2010,0.0
20231108:2110,0.0
20231108:2210,0.0
20231108:2310,0.0
20231109:0010,0.0
20231109:0110,0.0
20231109:0210,0.0
20231109:0310,0.0
20231109:0410,0.0
20231109:0510,0.0
20231109:0610,0.0
20231109:0710,36.08
20231109:0810,148.24
20231109:0910,54.96
20231109:1010,298.72
20231109:1110,150.36
20231109:1210,220.08
20231109:1310,174.22
20231109:1410,310.67
20231109:1510,241.51
20231109:1610,33.96
20231109:1710,0.0
20231109:1810,0.0
20231109:1910,0.0
20231109:2010,0.0
20231109:2110,0.0
20231109:2210,0.0
20231109:2310,0.0
20231110:0010,0.0
20231110:0110,0.0
20231110:0210,0.0
20231110:0310,0.0
20231110:0410,0.0
20231110:0510,0.0
20231110:0610,0.0
20231110:0710,17.65
20231110:0810,169.41
20231110:0910,378.8
20231110:1010,496.54
20231110:1110,560.85
20231110:1210,564.0
20231110:1310,366.59
20231110:1410,225.45
20231110:1510,234.86
20231110:1610,16.19
20231110:1710,0.0
20231110:1810,0.0
20231110:1910,0.0
20231110:2010,0.0
20231110:2110,0.0
20231110:2210,0.0
20231110:2310,0.0
20231111:0010,0.0
20231111:0110,0.0
20231111:0210,0.0
20231111:0310,0.0
20231111:0410,0.0
20231111:0510,0.0
20231111:0610,0.0
20231111:0710,15.57
20231111:0810,147.25
20231111:0910,344.37
20231111:1010,247.97
20231111:1110,75.78
20231111:1210,293.56
20231111:1310,189.27
20231111:1410,127.74
20231111:1510,67.07
20231111:1610,10.03
20231111:1710,0.0
20231111:1810,0.0
20231111:1910,0.0
20231111:2010,0.0
20231111:2110,0.0
20231111:2210,0.0
20231111:2310,0.0
20231112:0010,0.0
20231112:0110,0.0
20231112:0210,0.0
20231112:0310,0.0
20231112:0410,0.0
20231112:0510,0.0
20231112:0610,0.0
20231112:0710,12.99
20231112:0810,95.8
20231112:0910,350.67
20231112:1010,468.52
20231112:1110,508.99
20231112:1210,534.17
20231112:1310,419.15
20231112:1410,297.2
20231112:1510,158.21
20231112:1610,13.58
20231112:1710,0.0
20231112:1810,0.0
20231112:1910,0.0
20231112:2010,0.0
20231112:2110,0.0
20231112:2210,0.0
20231112:2310,0.0
20231113:0010,0.0
20231113:0110,0.0
20231113:0210,0.0
20231113:0310,0.0
20231113:0410,0.0
20231113:0510,0.0
20231113:0610,0.0
20231113:0710,12.52
20231113:0810,195.17
20231113:0910,349.98
20231113:1010,467.64
20231113:1110,535.0
20231113:1210,532.83
20231113:1310,301.95
20231113:1410,259.7
20231113:1510,87.06
20231113:1610,17.77
20231113:1710,0.0
20231113:1810,0.0
20231113:1910,0.0
20231113:2010,0.0
20231113:2110,0.0
20231113:2210,0.0
20231113:2310,0.0
20231114:0010,0.0
20231114:0110,0.0
20231114:0210,0.0
20231114:0310,0.0
20231114:0410,0.0
20231114:0510,0.0
20231114:0610,0.0
20231114:0710,11.71
20231114:0810,164.21
20231114:0910,210.94
20231114:1010,445.61
20231114:1110,474.22
20231114:1210,564.32
20231114:1310,482.43
20231114:1410,374.16
20231114:1510,221.49
20231114:1610,17.5
20231114:1710,0.0
20231114:1810,0.0
20231114:1910,0.0
20231114:2010,0.0
20231114:2110,0.0
20231114:2210,0.0
20231114:2310,0.0
20231115:0010,0.0
20231115:0110,0.0
20231115:0210,0.0
20231115:0310,0.0
20231115:0410,0.0
20231115:0510,0.0
20231115:0610,0.0
20231115:0710,9.69
20231115:0810,101.0
20231115:0910,301.22
20231115:1010,302.17
20231115:1110,44.78
20231115:1210,54.22
20231115:1310,137.29
20231115:1410,165.29
20231115:1510,88.54
20231115:1610,5.89
20231115:1710,0.0
20231115:1810,0.0
20231115:1910,0.0
20231115:2010,0.0
20231115:2110,0.0
20231115:2210,0.0
20231115:2310,0.0
20231116:0010,0.0
20231116:0110,0.0
20231116:0210,0.0
20231116:0310,0.0
20231116:0410,0.0
20231116:0510,0.0
20231116:0610,0.0
20231116:0710,5.43
20231116:0810,82.28
20231116:0910,194.4
20231116:1010,363.36
20231116:1110,167.07
20231116:1210,377.6
20231116:1310,110.9
20231116:1410,135.09
20231116:1510,207.62
20231116:1610,11.27
20231116:1710,0.0
20231116:1810,0.0
20231116:1910,0.0
20231116:2010,0.0
20231116:2110,0.0
20231116:2210,0.0
20231116:2310,0.0
20231117:0010,0.0
20231117:0110,0.0
20231117:0210,0.0
20231117:0310,0.0
20231117:0410,0.0
20231117:0510,0.0
20231117:0610,0.0
20231117:0710,8.44
20231117:0810,179.51
20231117:0910,324.17
20231117:1010,459.54
20231117:1110,524.59
20231117:1210,507.71
20231117:1310,393.41
20231117:1410,283.85
20231117:1510,208.08
20231117:1610,10.61
20231117:1710,0.0
20231117:1810,0.0
20231117:1910,0.0
20231117:2010,0.0
20231117:2110,0.0
20231117:2210,0.0
20231117:2310,0.0
20231118:0010,0.0
20231118:0110,0.0
20231118:0210,0.0
20231118:0310,0.0
20231118:0410,0.0
20231118:0510,0.0
20231118:0610,0.0
20231118:0710,6.11
20231118:0810,181.42
20231118:0910,340.29
20231118:1010,456.87
20231118:1110,513.29
20231118:1210,519.25
20231118:1310,467.37
20231118:1410,315.66
20231118:1510,134.97
20231118:1610,13.6
20231118:1710,0.0
20231118:1810,0.0
20231118:1910,0.0
20231118:2010,0.0
20231118:2110,0.0
20231118:2210,0.0
20231118:2310,0.0
20231119:0010,0.0
20231119:0110,0.0
20231119:0210,0.0
20231119:0310,0.0
20231119:0410,0.0
20231119:0510,0.0
20231119:0610,0.0
20231119:0710,7.41
20231119:0810,178.52
20231119:0910,332.75
20231119:1010,441.74
20231119:1110,506.8
20231119:1210,518.63
20231119:1310,472.98
20231119:1410,320.29
20231119:1510,186.18
20231119:1610,7.69
20231119:1710,0.0
20231119:1810,0.0
20231119:1910,0.0
20231119:2010,0.0
20231119:2110,0.0
20231119:2210,0.0
20231119:2310,0.0
20231120:0010,0.0
20231120:0110,0.0
20231120:0210,0.0
20231120:0310,0.0
20231120:0410,0.0
20231120:0510,0.0
20231120:0610,0.0
20231120:0710,5.55
20231120:0810,172.65
20231120:0910,331.24
20231120:1010,437.79
20231120:1110,502.96
20231120:1210,522.09
20231120:1310,458.95
20231120:1410,360.29
20231120:1510,194.78
20231120:1610,1.73
20231120:1710,0.0
20231120:1810,0.0
20231120:1910,0.0
20231120:2010,0.0
20231120:2110,0.0
20231120:2210,0.0
20231120:2310,0.0
20231121:0010,0.0
20231121:0110,0.0
20231121:0210,0.0
20231121:0310,0.0
20231121:0410,0.0
20231121:0510,0.0
20231121:0610,0.0
20231121:0710,4.96
20231121:0810,85.58
20231121:0910,337.35
20231121:1010,462.24
20231121:1110,540.08
20231121:1210,537.76
20231121:1310,479.93
20231121:1410,372.49
20231121:1510,208.67
20231121:1610,1.73
20231121:1710,0.0
20231121:1810,0.0
20231121:1910,0.0
20231121:2010,0.0
20231121:2110,0.0
20231121:2210,0.0
20231121:2310,0.0
20231122:0010,0.0
20231122:0110,0.0
20231122:0210,0.0
20231122:0310,0.0
20231122:0410,0.0
20231122:0510,0.0
20231122:0610,0.0
20231122:0710,3.91
20231122:0810,175.54
20231122:0910,345.59
20231122:1010,459.8
20231122:1110,530.95
20231122:1210,542.22
20231122:1310,501.41
20231122:1410,382.72
20231122:1510,178.57
20231122:1610,1.28
20231122:1710,0.0
20231122:1810,0.0
20231122:1910,0.0
20231122:2010,0.0
20231122:2110,0.0
20231122:2210,0.0
20231122:2310,0.0
20231123:0010,0.0
20231123:0110,0.0
20231123:0210,0.0
20231123:0310,0.0
20231123:0410,0.0
20231123:0510,0.0
20231123:0610,0.0
20231123:0710,3.38
20231123:0810,178.78
20231123:0910,350.05
20231123:1010,464.65
20231123:1110,533.03
20231123:1210,529.28
20231123:1310,483.71
20231123:1410,379.03
20231123:1510,219.3
20231123:1610,1.28
20231123:1710,0.0
20231123:1810,0.0
20231123:1910,0.0
20231123:2010,0.0
20231123:2110,0.0
20231123:2210,0.0
20231123:2310,0.0
20231124:0010,0.0
20231124:0110,0.0
20231124:0210,0.0
20231124:0310,0.0
20231124:0410,0.0
20231124:0510,0.0
20231124:0610,0.0
20231124:0710,0.0
20231124:0810,85.2
20231124:0910,94.13
20231124:1010,282.6
20231124:1110,509.65
20231124:1210,339.79
20231124:1310,292.05
20231124:1410,69.7
20231124:1510,19.11
20231124:1610,0.0
20231124:1710,0.0
20231124:1810,0.0
20231124:1910,0.0
20231124:2010,0.0
20231124:2110,0.0
20231124:2210,0.0
20231124:2310,0.0
20231125:0010,0.0
20231125:0110,0.0
20231125:0210,0.0
20231125:0310,0.0
20231125:0410,0.0
20231125:0510,0.0
20231125:0610,0.0
20231125:0710,2.32
20231125:0810,159.68
20231125:0910,356.02
20231125:1010,312.06
20231125:1110,486.01
20231125:1210,490.43
20231125:1310,479.07
20231125:1410,325.34
20231125:1510,119.6
20231125:1610,0.46
20231125:1710,0.0
20231125:1810,0.0
20231125:1910,0.0
20231125:2010,0.0
20231125:2110,0.0
20231125:2210,0.0
20231125:2310,0.0
20231126:0010,0.0
20231126:0110,0.0
20231126:0210,0.0
20231126:0310,0.0
20231126:0410,0.0
20231126:0510,0.0
20231126:0610,0.0
20231126:0710,0.07
20231126:0810,53.9
20231126:0910,149.21
20231126:1010,117.27
20231126:1110,98.68
20231126:1210,201.09
20231126:1310,375.01
20231126:1410,293.55
20231126:1510,92.84
20231126:1610,0.08
20231126:1710,0.0
20231126:1810,0.0
20231126:1910,0.0
20231126:2010,0.0
20231126:2110,0.0
20231126:2210,0.0
20231126:2310,0.0
20231127:0010,0.0
20231127:0110,0.0
20231127:0210,0.0
20231127:0310,0.0
20231127:0410,0.0
20231127:0510,0.0
20231127:0610,0.0
20231127:0710,0.48
20231127:0810,124.4
20231127:0910,338.04
20231127:1010,263.27
20231127:1110,157.07
20231127:1210,243.77
20231127:1310,347.35
20231127:1410,301.23
20231127:1510,171.73
20231127:1610,0.0
20231127:1710,0.0
20231127:1810,0.0
20231127:1910,0.0
20231127:2010,0.0
20231127:2110,0.0
20231127:2210,0.0
20231127:2310,0.0
20231128:0010,0.0
20231128:0110,0.0
20231128:0210,0.0
20231128:0310,0.0
20231128:0410,0.0
20231128:0510,0.0
20231128:0610,0.0
20231128:0710,0.0
20231128:0810,72.53
20231128:0910,173.72
20231128:1010,455.07
20231128:1110,505.46
20231128:1210,512.27
20231128:1310,497.07
20231128:1410,352.46
20231128:1510,212.72
20231128:1610,0.08
20231128:1710,0.0
20231128:1810,0.0
20231128:1910,0.0
20231128:2010,0.0
20231128:2110,0.0
20231128:2210,0.0
20231128:2310,0.0
20231129:0010,0.0
20231129:0110,0.0
20231129:0210,0.0
20231129:0310,0.0
20231129:0410,0.0
20231129:0510,0.0
20231129:0610,0.0
20231129:0710,0.0
20231129:0810,11.39
20231129:0910,10.69
20231129:1010,24.95
20231129:1110,35.65
20231129:1210,27.13
20231129:1310,112.57
20231129:1410,110.92
20231129:1510,183.27
20231129:1610,0.0
20231129:1710,0.0
20231129:1810,0.0
20231129:1910,0.0
20231129:2010,0.0
20231129:2110,0.0
20231129:2210,0.0
20231129:2310,0.0
20231130:0010,0.0
20231130:0110,0.0
20231130:0210,0.0
20231130:0310,0.0
20231130:0410,0.0
20231130:0510,0.0
20231130:0610,0.0
20231130:0710,0.0
20231130:0810,120.81
20231130:0910,162.42
20231130:1010,403.38
20231130:1110,493.83
20231130:1210,502.68
20231130:1310,483.25
20231130:1410,362.78
20231130:1510,42.56
20231130:1610,0.0
20231130:1710,0.0
20231130:1810,0.0
20231130:1910,0.0
20231130:2010,0.0
20231130:2110,0.0
20231130:2210,0.0
20231130:2310,0.0
20231201:0010,0.0
20231201:0110,0.0
20231201:0210,0.0
20231201:0310,0.0
20231201:0410,0.0
20231201:0510,0.0
20231201:0610,0.0
20231201:0710,0.0
20231201:0810,3.25
20231201:0910,17.26
20231201:1010,35.74
20231201:1110,87.97
20231201:1210,36.63
20231201:1310,143.37
20231201:1410,69.05
20231201:1510,27.01
20231201:1610,0.0
20231201:1710,0.0
20231201:1810,0.0
20231201:1910,0.0
20231201:2010,0.0
20231201:2110,0.0
20231201:2210,0.0
20231201:2310,0.0
20231202:0010,0.0
20231202:0110,0.0
20231202:0210,0.0
20231202:0310,0.0
20231202:0410,0.0
20231202:0510,0.0
20231202:0610,0.0
20231202:0710,0.0
20231202:0810,150.8
20231202:0910,320.85
20231202:1010,448.85
20231202:1110,519.95
20231202:1210,520.34
20231202:1310,472.15
20231202:1410,366.03
20231202:1510,208.48
20231202:1610,0.0
20231202:1710,0.0
20231202:1810,0.0
20231202:1910,0.0
20231202:2010,0.0
20231202:2110,0.0
20231202:2210,0.0
20231202:2310,0.0
20231203:0010,0.0
20231203:0110,0.0
20231203:0210,0.0
20231203:0310,0.0
20231203:0410,0.0
20231203:0510,0.0
20231203:0610,0.0
20231203:0710,0.0
20231203:0810,104.46
20231203:0910,320.54
20231203:1010,446.92
20231203:1110,511.58
20231203:1210,524.61
20231203:1310,477.58
20231203:1410,379.35
20231203:1510,215.06
20231203:1610,0.0
20231203:1710,0.0
20231203:1810,0.0
20231203:1910,0.0
20231203:2010,0.0
20231203:2110,0.0
20231203:2210,0.0
20231203:2310,0.0
20231204:0010,0.0
20231204:0110,0.0
20231204:0210,0.0
20231204:0310,0.0
20231204:0410,0.0
20231204:0510,0.0
20231204:0610,0.0
20231204:0710,0.0
20231204:0810,106.31
20231204:0910,195.68
20231204:1010,314.56
20231204:1110,523.38
20231204:1210,526.59
20231204:1310,474.18
20231204:1410,371.13
20231204:1510,209.28
20231204:1610,0.0
20231204:1710,0.0
20231204:1810,0.0
20231204:1910,0.0
20231204:2010,0.0
20231204:2110,0.0
20231204:2210,0.0
20231204:2310,0.0
20231205:0010,0.0
20231205:0110,0.0
20231205:0210,0.0
20231205:0310,0.0
20231205:0410,0.0
20231205:0510,0.0
20231205:0610,0.0
20231205:0710,0.0
20231205:0810,139.42
20231205:0910,310.17
20231205:1010,343.08
20231205:1110,447.42
20231205:1210,481.21
20231205:1310,320.37
20231205:1410,273.58
20231205:1510,87.42
20231205:1610,0.0
20231205:1710,0.0
20231205:1810,0.0
20231205:1910,0.0
20231205:2010,0.0
20231205:2110,0.0
20231205:2210,0.0
20231205:2310,0.0
20231206:0010,0.0
20231206:0110,0.0
20231206:0210,0.0
20231206:0310,0.0
20231206:0410,0.0
20231206:0510,0.0
20231206:0610,0.0
20231206:0710,0.0
20231206:0810,82.05
20231206:0910,291.08
20231206:1010,423.49
20231206:1110,496.81
20231206:1210,508.4
20231206:1310,453.24
20231206:1410,373.77
20231206:1510,232.37
20231206:1610,0.0
20231206:1710,0.0
20231206:1810,0.0
20231206:1910,0.0
20231206:2010,0.0
20231206:2110,0.0
20231206:2210,0.0
20231206:2310,0.0
20231207:0010,0.0
20231207:0110,0.0
20231207:0210,0.0
20231207:0310,0.0
20231207:0410,0.0
20231207:0510,0.0
20231207:0610,0.0
20231207:0710,0.0
20231207:0810,99.33
20231207:0910,311.59
20231207:1010,400.12
20231207:1110,460.56
20231207:1210,412.2
20231207:1310,422.28
20231207:1410,308.19
20231207:1510,192.32
20231207:1610,0.0
20231207:1710,0.0
20231207:1810,0.0
20231207:1910,0.0
20231207:2010,0.0
20231207:2110,0.0
20231207:2210,0.0
20231207:2310,0.0
20231208:0010,0.0
20231208:0110,0.0
20231208:0210,0.0
20231208:0310,0.0
20231208:0410,0.0
20231208:0510,0.0
20231208:0610,0.0
20231208:0710,0.0
20231208:0810,107.26
20231208:0910,232.01
20231208:1010,383.8
20231208:1110,355.73
20231208:1210,414.34
20231208:1310,396.23
20231208:1410,363.31
20231208:1510,206.26
20231208:1610,0.0
20231208:1710,0.0
20231208:1810,0.0
20231208:1910,0.0
20231208:2010,0.0
20231208:2110,0.0
20231208:2210,0.0
20231208:2310,0.0
20231209:0010,0.0
20231209:0110,0.0
20231209:0210,0.0
20231209:0310,0.0
20231209:0410,0.0
20231209:0510,0.0
20231209:0610,0.0
20231209:0710,0.0
20231209:0810,111.56
20231209:0910,105.34
20231209:1010,398.58
20231209:1110,446.95
20231209:1210,461.64
20231209:1310,362.57
20231209:1410,261.93
20231209:1510,175.96
20231209:1610,0.0
20231209:1710,0.0
20231209:1810,0.0
20231209:1910,0.0
20231209:2010,0.0
20231209:2110,0.0
20231209:2210,0.0
20231209:2310,0.0
20231210:0010,0.0
20231210:0110,0.0
20231210:0210,0.0
20231210:0310,0.0
20231210:0410,0.0
20231210:0510,0.0
20231210:0610,0.0
20231210:0710,0.0
20231210:0810,121.62
20231210:0910,282.44
20231210:1010,413.65
20231210:1110,422.22
20231210:1210,488.23
20231210:1310,436.45
20231210:1410,258.89
20231210:1510,190.98
20231210:1610,0.0
20231210:1710,0.0
20231210:1810,0.0
20231210:1910,0.0
20231210:2010,0.0
20231210:2110,0.0
20231210:2210,0.0
20231210:2310,0.0
20231211:0010,0.0
20231211:0110,0.0
20231211:0210,0.0
20231211:0310,0.0
20231211:0410,0.0
20231211:0510,0.0
20231211:0610,0.0
20231211:0710,0.0
20231211:0810,80.44
20231211:0910,178.31
20231211:1010,325.98
20231211:1110,314.81
20231211:1210,404.4
20231211:1310,343.33
20231211:1410,100.21
20231211:1510,74.16
20231211:1610,0.0
20231211:1710,0.0
20231211:1810,0.0
20231211:1910,0.0
20231211:2010,0.0
20231211:2110,0.0
20231211:2210,0.0
20231211:2310,0.0
20231212:0010,0.0
20231212:0110,0.0
20231212:0210,0.0
20231212:0310,0.0
20231212:0410,0.0
20231212:0510,0.0
20231212:0610,0.0
20231212:0710,0.0
20231212:0810,43.7
20231212:0910,61.5
20231212:1010,135.28
20231212:1110,213.21
20231212:1210,185.38
20231212:1310,148.6
20231212:1410,93.03
20231212:1510,55.63
20231212:1610,0.0
20231212:1710,0.0
20231212:1810,0.0
20231212:1910,0.0
20231212:2010,0.0
20231212:2110,0.0
20231212:2210,0.0
20231212:2310,0.0
20231213:0010,0.0
20231213:0110,0.0
20231213:0210,0.0
20231213:0310,0.0
20231213:0410,0.0
20231213:0510,0.0
20231213:0610,0.0
20231213:0710,0.0
20231213:0810,8.02
20231213:0910,27.82
20231213:1010,29.29
20231213:1110,162.76
20231213:1210,175.22
20231213:1310,284.22
20231213:1410,90.48
20231213:1510,228.93
20231213:1610,0.0
20231213:1710,0.0
20231213:1810,0.0
20231213:1910,0.0
20231213:2010,0.0
20231213:2110,0.0
20231213:2210,0.0
20231213:2310,0.0
20231214:0010,0.0
20231214:0110,0.0
20231214:0210,0.0
20231214:0310,0.0
20231214:0410,0.0
20231214:0510,0.0
20231214:0610,0.0
20231214:0710,0.0
20231214:0810,119.78
20231214:0910,294.72
20231214:1010,425.95
20231214:1110,502.98
20231214:1210,519.69
20231214:1310,466.34
20231214:1410,371.64
20231214:1510,215.94
20231214:1610,0.0
20231214:1710,0.0
20231214:1810,0.0
20231214:1910,0.0
20231214:2010,0.0
20231214:2110,0.0
20231214:2210,0.0
20231214:2310,0.0
20231215:0010,0.0
20231215:0110,0.0
20231215:0210,0.0
20231215:0310,0.0
20231215:0410,0.0
20231215:0510,0.0
20231215:0610,0.0
20231215:0710,0.0
20231215:0810,117.89
20231215:0910,293.38
20231215:1010,420.19
20231215:1110,482.54
20231215:1210,501.89
20231215:1310,451.73
20231215:1410,363.23
20231215:1510,215.05
20231215:1610,0.0
20231215:1710,0.0
20231215:1810,0.0
20231215:1910,0.0
20231215:2010,0.0
20231215:2110,0.0
20231215:2210,0.0
20231215:2310,0.0
20231216:0010,0.0
20231216:0110,0.0
20231216:0210,0.0
20231216:0310,0.0
20231216:0410,0.0
20231216:0510,0.0
20231216:0610,0.0
20231216:0710,0.0
20231216:0810,116.48
20231216:0910,289.87
20231216:1010,417.56
20231216:1110,479.51
20231216:1210,507.44
20231216:1310,459.73
20231216:1410,363.81
20231216:1510,217.61
20231216:1610,0.0
20231216:1710,0.0
20231216:1810,0.0
20231216:1910,0.0
20231216:2010,0.0
20231216:2110,0.0
20231216:2210,0.0
20231216:2310,0.0
20231217:0010,0.0
20231217:0110,0.0
20231217:0210,0.0
20231217:0310,0.0
20231217:0410,0.0
20231217:0510,0.0
20231217:0610,0.0
20231217:0710,0.0
20231217:0810,117.38
20231217:0910,288.6
20231217:1010,419.59
20231217:1110,481.31
20231217:1210,506.26
20231217:1310,453.89
20231217:1410,365.02
20231217:1510,214.05
20231217:1610,0.0
20231217:1710,0.0
20231217:1810,0.0
20231217:1910,0.0
20231217:2010,0.0
20231217:2110,0.0
20231217:2210,0.0
20231217:2310,0.0
20231218:0010,0.0
20231218:0110,0.0
20231218:0210,0.0
20231218:0310,0.0
20231218:0410,0.0
20231218:0510,0.0
20231218:0610,0.0
20231218:0710,0.0
20231218:0810,114.92
20231218:0910,289.78
20231218:1010,418.95
20231218:1110,476.84
20231218:1210,496.45
20231218:1310,451.51
20231218:1410,358.51
20231218:1510,219.98
20231218:1610,0.0
20231218:1710,0.0
20231218:1810,0.0
20231218:1910,0.0
20231218:2010,0.0
20231218:2110,0.0
20231218:2210,0.0
20231218:2310,0.0
20231219:0010,0.0
20231219:0110,0.0
20231219:0210,0.0
20231219:0310,0.0
20231219:0410,0.0
20231219:0510,0.0
20231219:0610,0.0
20231219:0710,0.0
20231219:0810,111.58
20231219:0910,283.42
20231219:1010,418.05
20231219:1110,478.82
20231219:1210,493.39
20231219:1310,448.31
20231219:1410,358.21
20231219:1510,216.42
20231219:1610,0.0
20231219:1710,0.0
20231219:1810,0.0
20231219:1910,0.0
20231219:2010,0.0
20231219:2110,0.0
20231219:2210,0.0
20231219:2310,0.0
20231220:0010,0.0
20231220:0110,0.0
20231220:0210,0.0
20231220:0310,0.0
20231220:0410,0.0
20231220:0510,0.0
20231220:0610,0.0
20231220:0710,0.0
20231220:0810,96.63
20231220:0910,245.92
20231220:1010,138.78
20231220:1110,100.02
20231220:1210,53.05
20231220:1310,475.18
20231220:1410,366.8
20231220:1510,220.3
20231220:1610,0.0
20231220:1710,0.0
20231220:1810,0.0
20231220:1910,0.0
20231220:2010,0.0
20231220:2110,0.0
20231220:2210,0.0
20231220:2310,0.0
20231221:0010,0.0
20231221:0110,0.0
20231221:0210,0.0
20231221:0310,0.0
20231221:0410,0.0
20231221:0510,0.0
20231221:0610,0.0
20231221:0710,0.0
20231221:0810,116.45
20231221:0910,248.27
20231221:1010,204.45
20231221:1110,373.29
20231221:1210,486.76
20231221:1310,415.94
20231221:1410,107.32
20231221:1510,124.9
20231221:1610,0.0
20231221:1710,0.0
20231221:1810,0.0
20231221:1910,0.0
20231221:2010,0.0
20231221:2110,0.0
20231221:2210,0.0
20231221:2310,0.0
20231222:0010,0.0
20231222:0110,0.0
20231222:0210,0.0
20231222:0310,0.0
20231222:0410,0.0
20231222:0510,0.0
20231222:0610,0.0
20231222:0710,0.0
20231222:0810,75.8
20231222:0910,239.83
20231222:1010,434.41
20231222:1110,493.33
20231222:1210,501.97
20231222:1310,451.84
20231222:1410,359.04
20231222:1510,215.98
20231222:1610,0.07
20231222:1710,0.0
20231222:1810,0.0
20231222:1910,0.0
20231222:2010,0.0
20231222:2110,0.0
20231222:2210,0.0
20231222:2310,0.0
20231223:0010,0.0
20231223:0110,0.0
20231223:0210,0.0
20231223:0310,0.0
20231223:0410,0.0
20231223:0510,0.0
20231223:0610,0.0
20231223:0710,0.0
20231223:0810,109.21
20231223:0910,283.79
20231223:1010,416.89
20231223:1110,489.68
20231223:1210,507.45
20231223:1310,452.44
20231223:1410,367.82
20231223:1510,222.48
20231223:1610,0.0
20231223:1710,0.0
20231223:1810,0.0
20231223:1910,0.0
20231223:2010,0.0
20231223:2110,0.0
20231223:2210,0.0
20231223:2310,0.0
20231224:0010,0.0
20231224:0110,0.0
20231224:0210,0.0
20231224:0310,0.0
20231224:0410,0.0
20231224:0510,0.0
20231224:0610,0.0
20231224:0710,0.0
20231224:0810,104.19
20231224:0910,284.71
20231224:1010,415.91
20231224:1110,488.63
20231224:1210,502.8
20231224:1310,453.46
20231224:1410,374.19
20231224:1510,233.06
20231224:1610,0.0
20231224:1710,0.0
20231224:1810,0.0
20231224:1910,0.0
20231224:2010,0.0
20231224:2110,0.0
20231224:2210,0.0
20231224:2310,0.0
20231225:0010,0.0
20231225:0110,0.0
20231225:0210,0.0
20231225:0310,0.0
20231225:0410,0.0
20231225:0510,0.0
20231225:0610,0.0
20231225:0710,0.0
20231225:0810,107.26
20231225:0910,285.46
20231225:1010,417.24
20231225:1110,480.46
20231225:1210,491.95
20231225:1310,448.16
20231225:1410,369.28
20231225:1510,225.19
20231225:1610,0.0
20231225:1710,0.0
20231225:1810,0.0
20231225:1910,0.0
20231225:2010,0.0
20231225:2110,0.0
20231225:2210,0.0
20231225:2310,0.0
20231226:0010,0.0
20231226:0110,0.0
20231226:0210,0.0
20231226:0310,0.0
20231226:0410,0.0
20231226:0510,0.0
20231226:0610,0.0
20231226:0710,0.0
20231226:0810,105.21
20231226:0910,286.47
20231226:1010,420.42
20231226:1110,490.18
20231226:1210,494.82
20231226:1310,452.28
20231226:1410,375.34
20231226:1510,230.03
20231226:1610,0.0
20231226:1710,0.0
20231226:1810,0.0
20231226:1910,0.0
20231226:2010,0.0
20231226:2110,0.0
20231226:2210,0.0
20231226:2310,0.0
20231227:0010,0.0
20231227:0110,0.0
20231227:0210,0.0
20231227:0310,0.0
20231227:0410,0.0
20231227:0510,0.0
20231227:0610,0.0
20231227:0710,0.0
20231227:0810,109.06
20231227:0910,291.84
20231227:1010,413.98
20231227:1110,489.31
20231227:1210,503.88
20231227:1310,469.67
20231227:1410,388.77
20231227:1510,243.57
20231227:1610,0.45
20231227:1710,0.0
20231227:1810,0.0
20231227:1910,0.0
20231227:2010,0.0
20231227:2110,0.0
20231227:2210,0.0
20231227:2310,0.0
20231228:0010,0.0
20231228:0110,0.0
20231228:0210,0.0
20231228:0310,0.0
20231228:0410,0.0
20231228:0510,0.0
20231228:0610,0.0
20231228:0710,0.0
20231228:0810,30.41
20231228:0910,58.1
20231228:1010,128.4
20231228:1110,257.51
20231228:1210,218.34
20231228:1310,164.77
20231228:1410,84.98
20231228:1510,100.06
20231228:1610,0.0
20231228:1710,0.0
20231228:1810,0.0
20231228:1910,0.0
20231228:2010,0.0
20231228:2110,0.0
20231228:2210,0.0
20231228:2310,0.0
20231229:0010,0.0
20231229:0110,0.0
20231229:0210,0.0
20231229:0310,0.0
20231229:0410,0.0
20231229:0510,0.0
20231229:0610,0.0
20231229:0710,0.0
20231229:0810,32.83
20231229:0910,145.26
20231229:1010,152.66
20231229:1110,480.9
20231229:1210,211.54
20231229:1310,85.06
20231229:1410,117.27
20231229:1510,67.21
20231229:1610,1.31
20231229:1710,0.0
20231229:1810,0.0
20231229:1910,0.0
20231229:2010,0.0
20231229:2110,0.0
20231229:2210,0.0
20231229:2310,0.0
20231230:0010,0.0
20231230:0110,0.0
20231230:0210,0.0
20231230:0310,0.0
20231230:0410,0.0
20231230:0510,0.0
20231230:0610,0.0
20231230:0710,0.0
20231230:0810,104.5
20231230:0910,223.57
20231230:1010,404.74
20231230:1110,482.92
20231230:1210,502.06
20231230:1310,474.19
20231230:1410,381.46
20231230:1510,239.13
20231230:1610,35.36
20231230:1710,0.0
20231230:1810,0.0
20231230:1910,0.0
20231230:2010,0.0
20231230:2110,0.0
20231230:2210,0.0
20231230:2310,0.0
20231231:0010,0.0
20231231:0110,0.0
20231231:0210,0.0
20231231:0310,0.0
20231231:0410,0.0
20231231:0510,0.0
20231231:0610,0.0
20231231:0710,0.0
20231231:0810,70.7
20231231:0910,167.06
20231231:1010,402.72
20231231:1110,460.85
20231231:1210,463.71
20231231:1310,201.14
20231231:1410,106.79
20231231:1510,243.04
20231231:1610,21.78
20231231:1710,0.0
20231231:1810,0.0
20231231:1910,0.0
20231231:2010,0.0
20231231:2110,0.0
20231231:2210,0.0
20231231:2310,0.0
